"函数名"	"条目数"	"定义数"	"声明数"	"位置"
"比较"	"23"	"23"	"0"	"任务主信息类.h:80[定义];任务主信息类.h:85[定义];基础信息主信息类.h:178[定义];基础信息主信息类.h:316[定义];基础信息主信息类.h:397[定义];基础信息主信息类.h:456[定义];基础信息主信息类.h:489[定义];基础信息主信息类.h:542[定义];基础信息主信息类.h:581[定义];基础信息主信息类.h:614[定义];基础信息主信息类.h:898[定义];基础信息主信息类.h:1062[定义];方法主信息类.h:464[定义];方法主信息类.h:469[定义];特征值主信息类.h:30[定义];特征值主信息类.h:35[定义];语素主信息类.h:388[定义];语素主信息类.h:464[定义];语素主信息类.h:510[定义];语素主信息类.h:552[定义];语素主信息类.h:591[定义];需求主信息类.h:68[定义];需求主信息类.h:73[定义]"
"追加片段"	"23"	"0"	"23"	"基础信息主信息类.h:989[声明];基础信息主信息类.h:990[声明];基础信息主信息类.h:991[声明];基础信息主信息类.h:992[声明];基础信息主信息类.h:993[声明];基础信息主信息类.h:994[声明];基础信息主信息类.h:995[声明];基础信息主信息类.h:996[声明];基础信息主信息类.h:997[声明];基础信息主信息类.h:998[声明];基础信息主信息类.h:999[声明];基础信息主信息类.h:1000[声明];基础信息主信息类.h:1001[声明];基础信息主信息类.h:1002[声明];基础信息主信息类.h:1003[声明];基础信息主信息类.h:1004[声明];基础信息主信息类.h:1005[声明];基础信息主信息类.h:1006[声明];基础信息主信息类.h:1007[声明];基础信息主信息类.h:1008[声明];基础信息主信息类.h:1009[声明];基础信息主信息类.h:1010[声明];基础信息主信息类.h:1011[声明]"
"有效"	"21"	"21"	"0"	"基础信息主信息类.h:246[定义];基础信息主信息类.h:261[定义];基础数据类型.h:29[定义];基础数据类型.h:162[定义];基础数据类型.h:222[定义];基础数据类型.h:293[定义];基础数据类型.h:300[定义];基础数据类型.h:802[定义];基础数据类型.h:1349[定义];基础数据类型.h:1369[定义];基础数据类型.h:1851[定义];基础数据类型.h:1871[定义];基础数据类型.h:1885[定义];基础数据类型.h:1921[定义];方法主信息类.h:113[定义];特征类.h:87[定义];自我线程模块.impl.cpp:257[定义];需求类.h:105[定义];需求类.h:140[定义];需求类.h:219[定义];需求类.h:804[定义]"
"_写POD"	"14"	"0"	"14"	"双向链表模板_序列化.inl:32[声明];双向链表模板_序列化.inl:79[声明];双向链表模板_序列化.inl:80[声明];双向链表模板_序列化.inl:90[声明];双向链表模板_序列化.inl:99[声明];双向链表模板_序列化.inl:109[声明];双向链表模板_序列化.inl:109[声明];双向链表模板_序列化.inl:109[声明];双向链表模板_序列化.inl:109[声明];双向链表模板_序列化.inl:110[声明];双向链表模板_序列化.inl:110[声明];双向链表模板_序列化.inl:110[声明];双向链表模板_序列化.inl:114[声明];双向链表模板_序列化.inl:130[声明]"
"lk"	"14"	"0"	"14"	"双向链表模板_序列化.inl:147[声明];双向链表模板_序列化.inl:245[声明];双向链表模板_深拷贝.inl:15[声明];双向链表模板核心.h:373[声明];双向链表模板核心.h:406[声明];双向链表模板核心.h:469[声明];双向链表模板核心.h:601[声明];特征值类.h:28[声明];特征值类.h:47[声明];特征值类.h:54[声明];特征值类.h:60[声明];特征值类.h:92[声明];特征值类.h:102[声明];特征值类.h:111[声明]"
"匹配链键"	"11"	"11"	"0"	"度量模板注册表类.ixx:199[定义];度量模板注册表类.ixx:221[定义];度量模板注册表类.ixx:243[定义];度量模板注册表类.ixx:255[定义];度量模板注册表类.ixx:267[定义];度量模板注册表类.ixx:289[定义];度量模板注册表类.ixx:301[定义];度量模板注册表类.ixx:334[定义];度量模板注册表类.ixx:370[定义];度量模板注册表类.ixx:396[定义];度量模板注册表类.ixx:433[定义]"
"模板族"	"11"	"11"	"0"	"度量模板注册表类.ixx:193[定义];度量模板注册表类.ixx:215[定义];度量模板注册表类.ixx:237[定义];度量模板注册表类.ixx:249[定义];度量模板注册表类.ixx:261[定义];度量模板注册表类.ixx:283[定义];度量模板注册表类.ixx:295[定义];度量模板注册表类.ixx:317[定义];度量模板注册表类.ixx:353[定义];度量模板注册表类.ixx:379[定义];度量模板注册表类.ixx:416[定义]"
"生成链键"	"11"	"11"	"0"	"度量模板注册表类.ixx:196[定义];度量模板注册表类.ixx:218[定义];度量模板注册表类.ixx:240[定义];度量模板注册表类.ixx:252[定义];度量模板注册表类.ixx:264[定义];度量模板注册表类.ixx:286[定义];度量模板注册表类.ixx:298[定义];度量模板注册表类.ixx:328[定义];度量模板注册表类.ixx:364[定义];度量模板注册表类.ixx:390[定义];度量模板注册表类.ixx:427[定义]"
"命中比较条件"	"10"	"10"	"0"	"任务主信息类.h:107[定义];任务主信息类.h:112[定义];基础信息主信息类.h:155[定义];方法主信息类.h:499[定义];方法主信息类.h:504[定义];特征值主信息类.h:60[定义];特征值主信息类.h:65[定义];语素主信息类.h:373[定义];需求主信息类.h:97[定义];需求主信息类.h:102[定义]"
"生成比较量"	"10"	"10"	"0"	"任务主信息类.h:90[定义];任务主信息类.h:95[定义];基础信息主信息类.h:150[定义];方法主信息类.h:474[定义];方法主信息类.h:479[定义];特征值主信息类.h:50[定义];特征值主信息类.h:55[定义];语素主信息类.h:368[定义];需求主信息类.h:78[定义];需求主信息类.h:83[定义]"
"私有_确保缓存_已加锁"	"10"	"1"	"9"	"特征值类.h:48[声明];特征值类.h:55[声明];特征值类.h:61[声明];特征值类.h:103[声明];特征值类.h:112[声明];特征值类.h:132[声明];特征值类.h:138[声明];特征值类.h:146[声明];特征值类.h:161[声明];特征值类.h:204[定义]"
"lock"	"9"	"0"	"9"	"双向链表模板核心.h:285[声明];双向链表模板核心.h:300[声明];双向链表模板核心.h:336[声明];双向链表模板核心.h:351[声明];双向链表模板核心.h:489[声明];双向链表模板核心.h:496[声明];双向链表模板核心.h:543[声明];双向链表模板核心.h:570[声明];双向链表模板核心.h:590[声明]"
"operator="	"9"	"1"	"8"	"世界树类.h:56[声明];世界树类.h:58[声明];基础信息类.h:17[声明];基础信息类.h:19[声明];基础数据类型.h:172[定义];语素类.h:32[声明];语素类.h:34[声明];语言类.h:17[声明];语言类.h:19[声明]"
"IsWindow"	"7"	"7"	"0"	"控制面板WebView2.cpp:1766[定义];控制面板WebView2.cpp:1778[定义];控制面板WebView2.cpp:1804[定义];控制面板WebView2.cpp:1817[定义];控制面板WebView2.cpp:1860[定义];控制面板WebView2.cpp:1931[定义];控制面板WebView2.cpp:1941[定义]"
"基础信息_"	"7"	"7"	"0"	"二次特征类.cpp:314[定义];动态类.cpp:468[定义];因果类.cpp:1088[定义];场景类.cpp:126[定义];存在类.cpp:143[定义];特征类.cpp:515[定义];状态类.cpp:158[定义]"
"绑定基础信息"	"7"	"0"	"7"	"二次特征类.h:14[声明];动态类.h:16[声明];因果类.h:55[声明];场景类.h:9[声明];存在类.h:14[声明];特征类.h:258[声明];状态类.h:58[声明]"
"默认刻度"	"7"	"7"	"0"	"度量模板注册表类.ixx:58[定义];度量模板注册表类.ixx:202[定义];度量模板注册表类.ixx:224[定义];度量模板注册表类.ixx:270[定义];度量模板注册表类.ixx:304[定义];度量模板注册表类.ixx:340[定义];度量模板注册表类.ixx:402[定义]"
"初始化"	"6"	"2"	"4"	"世界树类.h:60[声明];基础信息类.h:21[声明];日志模块.ixx:471[定义];特征值类.h:27[定义];语素类.h:36[声明];语言类.h:21[声明]"
"删除节点_已加锁"	"6"	"2"	"4"	"双向链表模板核心.h:506[定义];双向链表模板核心.h:544[声明];双向链表模板核心.h:556[声明];双向链表模板核心.h:562[声明];双向链表模板核心.h:580[声明];需求类.h:1116[定义]"
"同步运行包语义槽"	"6"	"6"	"0"	"任务模块.运行包.impl.cpp:132[定义];任务模块.运行包.impl.cpp:139[定义];任务模块.运行包.impl.cpp:150[定义];任务模块.运行包.impl.cpp:161[定义];任务模块.运行包.impl.cpp:168[定义];任务模块.运行包.impl.cpp:181[定义]"
"私有_安全词"	"2"	"2"	"0"	"自我线程模块.impl.cpp:79[定义];语言类_存在表达.cpp:41[定义]"
"私有_比较入口指针"	"6"	"6"	"0"	"任务主信息类.h:118[定义];基础信息主信息类.h:195[定义];基础信息主信息类.h:507[定义];基础信息主信息类.h:559[定义];方法主信息类.h:518[定义];需求主信息类.h:118[定义]"
"从状态补齐目标主体和特征缓存_已加锁"	"5"	"1"	"4"	"需求类.h:948[声明];需求类.h:970[定义];需求类.h:1099[声明];需求类.h:1101[声明];需求类.h:1241[声明]"
"刷新需求及祖先结构角色"	"5"	"1"	"4"	"需求类.h:529[定义];需求类.h:1162[声明];需求类.h:1164[声明];需求类.h:1246[声明];需求类.h:1259[声明]"
"校验参数"	"5"	"5"	"0"	"度量模板注册表类.ixx:65[定义];度量模板注册表类.ixx:320[定义];度量模板注册表类.ixx:356[定义];度量模板注册表类.ixx:382[定义];度量模板注册表类.ixx:419[定义]"
"私有_解析状态引用"	"5"	"5"	"0"	"任务类.cpp:202[定义];动态类.cpp:353[定义];方法类.cpp:508[定义];状态类.cpp:76[定义];需求类.cpp:347[定义]"
"私有_追加叶字段"	"5"	"5"	"0"	"控制面板类.cpp:2581[定义];控制面板类.cpp:2590[定义];控制面板类.cpp:2599[定义];控制面板类.cpp:2608[定义];控制面板类.cpp:2617[定义]"
"绑定"	"5"	"2"	"3"	"基础数据类型.h:156[声明];基础数据类型.h:159[声明];基础数据类型.h:174[声明];基础数据类型.h:179[定义];基础数据类型.h:186[定义]"
"刷新子需求权重_已加锁"	"4"	"1"	"3"	"需求类.h:1159[声明];需求类.h:1245[声明];需求类.h:1258[声明];需求类.h:1270[定义]"
"添加词性词"	"4"	"0"	"4"	"语素类.h:51[声明];语素类.h:52[声明];语素类.h:53[声明];语素类.h:54[声明]"
"清空"	"4"	"4"	"0"	"基础数据类型.h:195[定义];基础数据类型.h:238[定义];基础数据类型.h:1360[定义];基础数据类型.h:1375[定义]"
"特征_方法状态"	"4"	"4"	"0"	"自我动作实现.外设模块.ixx:5812[定义];自我动作实现.外设模块.ixx:8343[定义];自我动作实现模块.ixx:2064[定义];自我动作实现模块.ixx:2980[定义]"
"特征_目标宿主"	"4"	"4"	"0"	"任务模块.筹办.ixx:4396[定义];自我动作实现.外设模块.ixx:2152[定义];自我动作实现.服务模块.ixx:173[定义];自我动作实现模块.ixx:1645[定义]"
"特征_目标特征类型"	"4"	"4"	"0"	"任务模块.筹办.ixx:4389[定义];自我动作实现.外设模块.ixx:1085[定义];自我动作实现.服务模块.ixx:181[定义];自我动作实现模块.ixx:571[定义]"
"特征_输入条件包"	"4"	"4"	"0"	"任务模块.筹办.ixx:4368[定义];自我动作实现.外设模块.ixx:714[定义];自我动作实现.服务模块.ixx:37[定义];自我动作实现模块.ixx:117[定义]"
"特征_输出结果场景"	"4"	"4"	"0"	"自我动作实现.外设模块.ixx:1573[定义];自我动作实现.扫描.ixx:464[定义];自我动作实现.服务模块.ixx:213[定义];自我动作实现模块.ixx:1066[定义]"
"私有_归一到任务头结点"	"3"	"3"	"0"	"任务类.cpp:243[定义];自我类.cpp:275[定义];自我线程模块.impl.cpp:3495[定义]"
"私有_特征_任务状态"	"2"	"2"	"0"	"任务模块.管理工作线程.ixx:270[定义];任务类.cpp:341[定义]"
"私有_语素入口主键相等"	"4"	"4"	"0"	"二次特征应用模块.ixx:705[定义];二次特征类.cpp:192[定义];方法类.cpp:36[定义];需求类.cpp:401[定义]"
"私有_递归释放_独立"	"4"	"1"	"3"	"双向链表模板_深拷贝.inl:32[声明];双向链表模板_深拷贝.inl:112[定义];双向链表模板_深拷贝.inl:124[声明];双向链表模板核心.h:675[声明]"
"语素类::添加词性词"	"4"	"4"	"0"	"语素类.cpp:790[定义];语素类.cpp:822[定义];语素类.cpp:829[定义];语素类.cpp:836[定义]"
"转文本"	"2"	"2"	"0"	"动作验证报告类.h:81[定义];动作验证报告类.h:104[定义]"
"mi"	"3"	"0"	"3"	"特征值类.h:104[声明];特征值类.h:114[声明];特征值类.h:164[声明]"
"operator*"	"3"	"3"	"0"	"基础数据类型.h:963[定义];基础数据类型.h:1046[定义];基础数据类型.h:1084[定义]"
"operator=="	"3"	"3"	"0"	"基础数据类型.h:304[定义];基础数据类型.h:309[定义];基础数据类型.h:546[定义]"
"世界树类"	"3"	"0"	"3"	"世界树类.h:52[声明];世界树类.h:55[声明];世界树类.h:57[声明]"
"使双目相机达到可用状态"	"3"	"3"	"0"	"自我动作实现.外设模块.ixx:18194[定义];自我动作实现.外部模块.ixx:610[定义];自我动作实现模块.ixx:12221[定义]"
"保存数据"	"3"	"2"	"1"	"双向链表模板_序列化.inl:144[定义];双向链表模板核心.h:682[声明];双向链表模板核心.h:685[定义]"
"修改节点信息_已加锁"	"3"	"1"	"2"	"双向链表模板核心.h:478[定义];双向链表模板核心.h:490[声明];双向链表模板核心.h:498[声明]"
"关闭"	"3"	"3"	"0"	"D455相机类.cpp:82[定义];日志模块.ixx:382[定义];日志模块.ixx:480[定义]"
"写入I64"	"3"	"3"	"0"	"自我动作实现.外设模块.ixx:7436[定义];自我动作实现.扫描.ixx:813[定义];自我动作实现模块.ixx:2597[定义]"
"写入引用_来自指令_已加锁"	"3"	"0"	"3"	"需求类.h:776[声明];需求类.h:780[声明];需求类.h:784[声明]"
"初始化新节点_已加锁"	"3"	"1"	"2"	"双向链表模板核心.h:203[定义];双向链表模板核心.h:266[声明];双向链表模板核心.h:313[声明]"
"删除子链_已加锁"	"3"	"1"	"2"	"双向链表模板核心.h:515[声明];双向链表模板核心.h:548[定义];双向链表模板核心.h:571[声明]"
"删除链表_已加锁"	"3"	"1"	"2"	"双向链表模板_序列化.inl:225[声明];双向链表模板核心.h:575[定义];双向链表模板核心.h:591[声明]"
"可解析引用"	"3"	"2"	"1"	"基础数据类型.h:153[声明];基础数据类型.h:156[定义];基础数据类型.h:159[定义]"
"启动"	"3"	"3"	"0"	"任务模块.执行.ixx:1170[定义];动作线程类.ixx:306[定义];鱼巢.cpp:1511[定义]"
"基础信息基类"	"3"	"2"	"1"	"基础信息主信息类.h:132[声明];基础信息主信息类.h:135[定义];基础信息主信息类.h:138[定义]"
"基础信息类"	"3"	"0"	"3"	"基础信息类.h:13[声明];基础信息类.h:16[声明];基础信息类.h:18[声明]"
"安全执行降级保护"	"3"	"3"	"0"	"自我动作实现.外设模块.ixx:20743[定义];自我动作实现.外部模块.ixx:808[定义];自我动作实现模块.ixx:12437[定义]"
"安全持续观察当前场景"	"3"	"3"	"0"	"自我动作实现.外设模块.ixx:20518[定义];自我动作实现.外部模块.ixx:790[定义];自我动作实现模块.ixx:12419[定义]"
"安全搜索安全因果因素证据"	"3"	"3"	"0"	"自我动作实现.外设模块.ixx:20009[定义];自我动作实现.外部模块.ixx:1114[定义];自我动作实现模块.ixx:12554[定义]"
"安全构造场景影响因果候选"	"3"	"3"	"0"	"自我动作实现.外设模块.ixx:21420[定义];自我动作实现.外部模块.ixx:772[定义];自我动作实现模块.ixx:12401[定义]"
"安全评估当前场景安全性"	"3"	"3"	"0"	"自我动作实现.外设模块.ixx:19266[定义];自我动作实现.外部模块.ixx:754[定义];自我动作实现模块.ixx:12365[定义]"
"打开"	"3"	"2"	"1"	"D455相机类.cpp:49[定义];双目相机本能适配器.cpp:1280[定义];双目相机本能适配器.h:203[声明]"
"执行方法_同步等待"	"3"	"3"	"0"	"任务模块.执行.ixx:1195[定义];任务模块.执行.ixx:1211[定义];任务模块.执行.ixx:1228[定义]"
"抽象特征主信息类"	"3"	"3"	"0"	"基础信息主信息类.h:334[定义];基础信息主信息类.h:337[定义];基础信息主信息类.h:344[定义]"
"提交安全因果因素无负证据默认满足"	"3"	"3"	"0"	"自我动作实现.外设模块.ixx:20191[定义];自我动作实现.外部模块.ixx:1123[定义];自我动作实现模块.ixx:12563[定义]"
"提交安全因果因素证据评估值"	"3"	"3"	"0"	"自我动作实现.外设模块.ixx:20303[定义];自我动作实现.外部模块.ixx:1132[定义];自我动作实现模块.ixx:12572[定义]"
"提交当前观察范围可观测单位存在对应事实"	"3"	"3"	"0"	"自我动作实现.外设模块.ixx:23888[定义];自我动作实现.外部模块.ixx:889[定义];自我动作实现模块.ixx:12527[定义]"
"提交指定存在跟踪事实"	"3"	"3"	"0"	"自我动作实现.外设模块.ixx:25259[定义];自我动作实现.外部模块.ixx:880[定义];自我动作实现模块.ixx:12518[定义]"
"提交确认内部世界子存在事实"	"3"	"3"	"0"	"自我动作实现.外设模块.ixx:26391[定义];自我动作实现.外部模块.ixx:1105[定义];自我动作实现模块.ixx:12752[定义]"
"提交确认观察存在事实"	"3"	"3"	"0"	"自我动作实现.外设模块.ixx:23449[定义];自我动作实现.外部模块.ixx:862[定义];自我动作实现模块.ixx:12500[定义]"
"提交观察存在发现事实"	"3"	"3"	"0"	"自我动作实现.外设模块.ixx:24906[定义];自我动作实现.外部模块.ixx:898[定义];自我动作实现模块.ixx:12536[定义]"
"提交观察存在特征值变化事实"	"3"	"3"	"0"	"自我动作实现.外设模块.ixx:25073[定义];自我动作实现.外部模块.ixx:871[定义];自我动作实现模块.ixx:12509[定义]"
"提交风险安全场景影响部分状态变化"	"3"	"3"	"0"	"自我动作实现.外设模块.ixx:19857[定义];自我动作实现.外部模块.ixx:907[定义];自我动作实现模块.ixx:12545[定义]"
"查找"	"3"	"3"	"0"	"度量模板注册表类.ixx:99[定义];特征值类.h:42[定义];特征值类.h:53[定义]"
"查找人类词性入口节点"	"3"	"0"	"3"	"语素类.h:44[声明];语素类.h:45[声明];语素类.h:46[声明]"
"查找子特征"	"3"	"3"	"0"	"自我动作实现.外设模块.ixx:7786[定义];自我动作实现.服务模块.ixx:1277[定义];自我动作实现模块.ixx:2685[定义]"
"检查双目相机运行状态"	"3"	"3"	"0"	"自我动作实现.外设模块.ixx:18347[定义];自我动作实现.外部模块.ixx:628[定义];自我动作实现模块.ixx:12239[定义]"
"添加子节点"	"3"	"2"	"1"	"双向链表模板核心.h:334[定义];双向链表模板核心.h:349[定义];基础信息类.h:25[声明]"
"添加节点"	"3"	"2"	"1"	"双向链表模板核心.h:283[定义];双向链表模板核心.h:298[定义];基础信息类.h:24[声明]"
"特征_任务信息节点"	"3"	"3"	"0"	"自我动作实现.外设模块.ixx:763[定义];自我动作实现.服务模块.ixx:117[定义];自我动作实现模块.ixx:166[定义]"
"特征_任务状态动作动态"	"3"	"3"	"0"	"自我动作实现.外设模块.ixx:917[定义];自我动作实现.服务模块.ixx:405[定义];自我动作实现模块.ixx:397[定义]"
"特征_任务虚拟存在"	"3"	"3"	"0"	"自我动作实现.外设模块.ixx:756[定义];自我动作实现.服务模块.ixx:125[定义];自我动作实现模块.ixx:159[定义]"
"特征_动作动态"	"3"	"3"	"0"	"自我动作实现.外设模块.ixx:1629[定义];自我动作实现.服务模块.ixx:277[定义];自我动作实现模块.ixx:1122[定义]"
"特征_开始时间"	"3"	"3"	"0"	"自我动作实现.外设模块.ixx:1601[定义];自我动作实现.服务模块.ixx:933[定义];自我动作实现模块.ixx:1094[定义]"
"特征_当前方法运行存在"	"3"	"3"	"0"	"自我动作实现.外设模块.ixx:1036[定义];自我动作实现.服务模块.ixx:293[定义];自我动作实现模块.ixx:522[定义]"
"特征_形参表"	"3"	"3"	"0"	"自我动作实现.外设模块.ixx:721[定义];自我动作实现.服务模块.ixx:61[定义];自我动作实现模块.ixx:124[定义]"
"特征_执行差值"	"3"	"3"	"0"	"任务模块.筹办.ixx:4417[定义];自我动作实现.外设模块.ixx:5512[定义];自我动作实现模块.ixx:1764[定义]"
"特征_是否必需"	"3"	"3"	"0"	"自我动作实现.外设模块.ixx:1141[定义];自我动作实现.服务模块.ixx:941[定义];自我动作实现模块.ixx:627[定义]"
"特征_条件集合"	"3"	"3"	"0"	"自我动作实现.外设模块.ixx:707[定义];自我动作实现.服务模块.ixx:45[定义];自我动作实现模块.ixx:110[定义]"
"特征_来源动作动态"	"3"	"3"	"0"	"自我动作实现.外设模块.ixx:903[定义];自我动作实现.服务模块.ixx:285[定义];自我动作实现模块.ixx:383[定义]"
"特征_来源需求"	"3"	"3"	"0"	"自我动作实现.外设模块.ixx:770[定义];自我动作实现.服务模块.ixx:133[定义];自我动作实现模块.ixx:173[定义]"
"特征_目标执行后值"	"3"	"3"	"0"	"任务模块.筹办.ixx:4424[定义];自我动作实现.外设模块.ixx:5519[定义];自我动作实现模块.ixx:1771[定义]"
"特征_目标抽象特征"	"3"	"3"	"0"	"任务模块.筹办.ixx:4410[定义];自我动作实现.外设模块.ixx:5491[定义];自我动作实现模块.ixx:1743[定义]"
"特征_目标方法头节点"	"3"	"3"	"0"	"任务模块.筹办.ixx:4375[定义];自我动作实现.外设模块.ixx:5617[定义];自我动作实现模块.ixx:1869[定义]"
"特征_结果表"	"3"	"3"	"0"	"自我动作实现.外设模块.ixx:735[定义];自我动作实现.服务模块.ixx:69[定义];自我动作实现模块.ixx:138[定义]"
"特征_调用信息"	"3"	"3"	"0"	"自我动作实现.外设模块.ixx:749[定义];自我动作实现.服务模块.ixx:29[定义];自我动作实现模块.ixx:152[定义]"
"特征_输入参数场景"	"3"	"3"	"0"	"自我动作实现.外设模块.ixx:1566[定义];自我动作实现.扫描.ixx:461[定义];自我动作实现模块.ixx:1059[定义]"
"特征_运行参数"	"3"	"3"	"0"	"自我动作实现.外设模块.ixx:693[定义];自我动作实现.服务模块.ixx:53[定义];自我动作实现模块.ixx:96[定义]"
"特征_选中自我能力值"	"3"	"3"	"0"	"任务模块.筹办.ixx:4382[定义];自我动作实现.外设模块.ixx:1928[定义];自我动作实现模块.ixx:1421[定义]"
"特征节点主信息类"	"3"	"3"	"0"	"基础信息主信息类.h:434[定义];基础信息主信息类.h:437[定义];基础信息主信息类.h:442[定义]"
"状态类::创建状态"	"3"	"3"	"0"	"状态类.cpp:230[定义];状态类.cpp:352[定义];状态类.cpp:375[定义]"
"用双目相机刷新当前观察场景"	"3"	"3"	"0"	"自我动作实现.外设模块.ixx:18418[定义];自我动作实现.外部模块.ixx:637[定义];自我动作实现模块.ixx:12248[定义]"
"用双目相机发现候选存在"	"3"	"3"	"0"	"自我动作实现.外设模块.ixx:27373[定义];自我动作实现.外部模块.ixx:646[定义];自我动作实现模块.ixx:12257[定义]"
"用双目相机取得当前观察帧"	"3"	"3"	"0"	"自我动作实现.外设模块.ixx:18490[定义];自我动作实现.外部模块.ixx:655[定义];自我动作实现模块.ixx:12266[定义]"
"用双目相机取得当前观察特征帧"	"3"	"3"	"0"	"自我动作实现.外设模块.ixx:18554[定义];自我动作实现.外部模块.ixx:664[定义];自我动作实现模块.ixx:12275[定义]"
"用双目相机建立当前帧像素特征索引"	"3"	"3"	"0"	"自我动作实现.外设模块.ixx:18757[定义];自我动作实现.外部模块.ixx:673[定义];自我动作实现模块.ixx:12284[定义]"
"确认双目相机刷新当前观察场景规格"	"3"	"3"	"0"	"自我动作实现.外设模块.ixx:15966[定义];自我动作实现.外部模块.ixx:52[定义];自我动作实现模块.ixx:8370[定义]"
"确认双目相机发现候选存在规格"	"3"	"3"	"0"	"自我动作实现.外设模块.ixx:17966[定义];自我动作实现.外部模块.ixx:61[定义];自我动作实现模块.ixx:8379[定义]"
"确认双目相机取得当前观察帧规格"	"3"	"3"	"0"	"自我动作实现.外设模块.ixx:16001[定义];自我动作实现.外部模块.ixx:70[定义];自我动作实现模块.ixx:8388[定义]"
"确认双目相机取得当前观察特征帧规格"	"3"	"3"	"0"	"自我动作实现.外设模块.ixx:16042[定义];自我动作实现.外部模块.ixx:79[定义];自我动作实现模块.ixx:8397[定义]"
"确认双目相机建立当前帧像素特征索引规格"	"3"	"3"	"0"	"自我动作实现.外设模块.ixx:16134[定义];自我动作实现.外部模块.ixx:88[定义];自我动作实现模块.ixx:8406[定义]"
"确认双目相机控制规格"	"3"	"3"	"0"	"自我动作实现.外设模块.ixx:15903[定义];自我动作实现.外部模块.ixx:33[定义];自我动作实现模块.ixx:8351[定义]"
"确认双目相机检查运行状态规格"	"3"	"3"	"0"	"自我动作实现.外设模块.ixx:15938[定义];自我动作实现.外部模块.ixx:43[定义];自我动作实现模块.ixx:8361[定义]"
"确认安全执行降级保护规格"	"3"	"3"	"0"	"自我动作实现.外设模块.ixx:16750[定义];自我动作实现.外部模块.ixx:223[定义];自我动作实现模块.ixx:8597[定义]"
"确认安全持续观察当前场景规格"	"3"	"3"	"0"	"自我动作实现.外设模块.ixx:16697[定义];自我动作实现.外部模块.ixx:205[定义];自我动作实现模块.ixx:8571[定义]"
"确认安全搜索安全因果因素证据规格"	"3"	"3"	"0"	"自我动作实现.外设模块.ixx:16436[定义];自我动作实现.外部模块.ixx:538[定义];自我动作实现模块.ixx:8742[定义]"
"确认安全构造场景影响因果候选规格"	"3"	"3"	"0"	"自我动作实现.外设模块.ixx:16641[定义];自我动作实现.外部模块.ixx:187[定义];自我动作实现模块.ixx:8545[定义]"
"确认安全评估当前场景安全性规格"	"3"	"3"	"0"	"自我动作实现.外设模块.ixx:16331[定义];自我动作实现.外部模块.ixx:169[定义];自我动作实现模块.ixx:8493[定义]"
"确认提交安全因果因素无负证据默认满足规格"	"3"	"3"	"0"	"自我动作实现.外设模块.ixx:16496[定义];自我动作实现.外部模块.ixx:547[定义];自我动作实现模块.ixx:8755[定义]"
"确认提交安全因果因素证据评估值规格"	"3"	"3"	"0"	"自我动作实现.外设模块.ixx:16519[定义];自我动作实现.外部模块.ixx:556[定义];自我动作实现模块.ixx:8764[定义]"
"确认提交当前观察范围可观测单位存在对应事实规格"	"3"	"3"	"0"	"自我动作实现.外设模块.ixx:16977[定义];自我动作实现.外部模块.ixx:304[定义];自我动作实现模块.ixx:8715[定义]"
"确认提交指定存在跟踪事实规格"	"3"	"3"	"0"	"自我动作实现.外设模块.ixx:17107[定义];自我动作实现.外部模块.ixx:295[定义];自我动作实现模块.ixx:8706[定义]"
"确认提交确认内部世界子存在事实规格"	"3"	"3"	"0"	"自我动作实现.外设模块.ixx:17779[定义];自我动作实现.外部模块.ixx:520[定义];自我动作实现模块.ixx:8948[定义]"
"确认提交确认观察存在事实规格"	"3"	"3"	"0"	"自我动作实现.外设模块.ixx:17259[定义];自我动作实现.外部模块.ixx:277[定义];自我动作实现模块.ixx:8688[定义]"
"确认提交观察存在发现事实规格"	"3"	"3"	"0"	"自我动作实现.外设模块.ixx:17038[定义];自我动作实现.外部模块.ixx:313[定义];自我动作实现模块.ixx:8724[定义]"
"确认提交观察存在特征值变化事实规格"	"3"	"3"	"0"	"自我动作实现.外设模块.ixx:17072[定义];自我动作实现.外部模块.ixx:286[定义];自我动作实现模块.ixx:8697[定义]"
"确认提交风险安全场景影响部分状态变化规格"	"3"	"3"	"0"	"自我动作实现.外设模块.ixx:16410[定义];自我动作实现.外部模块.ixx:322[定义];自我动作实现模块.ixx:8733[定义]"
"确认自我判断基础观察事实可用性规格"	"3"	"3"	"0"	"自我动作实现.外设模块.ixx:16300[定义];自我动作实现.外部模块.ixx:160[定义];自我动作实现模块.ixx:8478[定义]"
"确认自我判断空间候选相对独立性规格"	"3"	"3"	"0"	"自我动作实现.外设模块.ixx:17529[定义];自我动作实现.外部模块.ixx:430[定义];自我动作实现模块.ixx:8858[定义]"
"确认自我匹配当前观察存在与历史观察存在规格"	"3"	"3"	"0"	"自我动作实现.外设模块.ixx:17816[定义];自我动作实现.外部模块.ixx:565[定义];自我动作实现模块.ixx:8966[定义]"
"确认自我在内部世界提取子候选规格"	"3"	"3"	"0"	"自我动作实现.外设模块.ixx:17740[定义];自我动作实现.外部模块.ixx:502[定义];自我动作实现模块.ixx:8930[定义]"
"确认自我导出OpenGL复现数据规格"	"3"	"3"	"0"	"自我动作实现.外设模块.ixx:17941[定义];自我动作实现.外部模块.ixx:601[定义];自我动作实现模块.ixx:9002[定义]"
"确认自我导出当前场景识别快照规格"	"3"	"3"	"0"	"自我动作实现.外设模块.ixx:17889[定义];自我动作实现.外部模块.ixx:592[定义];自我动作实现模块.ixx:8993[定义]"
"确认自我将存在局部观察切片映射到内部世界规格"	"3"	"3"	"0"	"自我动作实现.外设模块.ixx:17719[定义];自我动作实现.外部模块.ixx:493[定义];自我动作实现模块.ixx:8921[定义]"
"确认自我建立像素观察事实索引规格"	"3"	"3"	"0"	"自我动作实现.外设模块.ixx:16208[定义];自我动作实现.外部模块.ixx:115[定义];自我动作实现模块.ixx:8433[定义]"
"确认自我建立存在内外场景接口规格"	"3"	"3"	"0"	"自我动作实现.外设模块.ixx:17702[定义];自我动作实现.外部模块.ixx:484[定义];自我动作实现模块.ixx:8912[定义]"
"确认自我建立最小自我边界参照规格"	"3"	"3"	"0"	"自我动作实现.外设模块.ixx:16569[定义];自我动作实现.外部模块.ixx:340[定义];自我动作实现模块.ixx:8519[定义]"
"确认自我建立观察帧到自我场景接口规格"	"3"	"3"	"0"	"自我动作实现.外设模块.ixx:16192[定义];自我动作实现.外部模块.ixx:106[定义];自我动作实现模块.ixx:8424[定义]"
"确认自我建立观察帧存在规格"	"3"	"3"	"0"	"自我动作实现.外设模块.ixx:16153[定义];自我动作实现.外部模块.ixx:97[定义];自我动作实现模块.ixx:8415[定义]"
"确认自我执行多帧重采样并择优规格"	"3"	"3"	"0"	"自我动作实现.外设模块.ixx:17425[定义];自我动作实现.外部模块.ixx:376[定义];自我动作实现模块.ixx:8804[定义]"
"确认自我承接像素特征值规格"	"3"	"3"	"0"	"自我动作实现.外设模块.ixx:16235[定义];自我动作实现.外部模块.ixx:124[定义];自我动作实现模块.ixx:8442[定义]"
"确认自我按ROI重算观察质量规格"	"3"	"3"	"0"	"自我动作实现.外设模块.ixx:17416[定义];自我动作实现.外部模块.ixx:367[定义];自我动作实现模块.ixx:8795[定义]"
"确认自我按像素坐标回查观察事实规格"	"3"	"3"	"0"	"自我动作实现.外设模块.ixx:17461[定义];自我动作实现.外部模块.ixx:412[定义];自我动作实现模块.ixx:8840[定义]"
"确认自我按已确认轮廓分区当前帧规格"	"3"	"3"	"0"	"自我动作实现.外设模块.ixx:17298[定义];自我动作实现.外部模块.ixx:331[定义];自我动作实现模块.ixx:8773[定义]"
"确认自我提交目标观察约束特征组规格"	"3"	"3"	"0"	"自我动作实现.外设模块.ixx:16776[定义];自我动作实现.外部模块.ixx:259[定义];自我动作实现模块.ixx:8662[定义]"
"确认自我提取空间候选规格"	"3"	"3"	"0"	"自我动作实现.外设模块.ixx:17483[定义];自我动作实现.外部模块.ixx:421[定义];自我动作实现模块.ixx:8849[定义]"
"确认自我明确当前场景持续观察需求规格"	"3"	"3"	"0"	"自我动作实现.外设模块.ixx:16672[定义];自我动作实现.外部模块.ixx:196[定义];自我动作实现模块.ixx:8558[定义]"
"确认自我明确负向影响处置需求规格"	"3"	"3"	"0"	"自我动作实现.外设模块.ixx:16724[定义];自我动作实现.外部模块.ixx:214[定义];自我动作实现模块.ixx:8584[定义]"
"确认自我校验观察事实完备性规格"	"3"	"3"	"0"	"自我动作实现.外设模块.ixx:16258[定义];自我动作实现.外部模块.ixx:133[定义];自我动作实现模块.ixx:8451[定义]"
"确认自我比较存在特征变化规格"	"3"	"3"	"0"	"自我动作实现.外设模块.ixx:17851[定义];自我动作实现.外部模块.ixx:574[定义];自我动作实现模块.ixx:8975[定义]"
"确认自我生成低置信补偿观察候选规格"	"3"	"3"	"0"	"自我动作实现.外设模块.ixx:17434[定义];自我动作实现.外部模块.ixx:385[定义];自我动作实现模块.ixx:8813[定义]"
"确认自我生成存在自我相对安全特征规格"	"3"	"3"	"0"	"自我动作实现.外设模块.ixx:16609[定义];自我动作实现.外部模块.ixx:349[定义];自我动作实现模块.ixx:8532[定义]"
"确认自我生成空间候选观察队列规格"	"3"	"3"	"0"	"自我动作实现.外设模块.ixx:17552[定义];自我动作实现.外部模块.ixx:439[定义];自我动作实现模块.ixx:8867[定义]"
"确认自我生成观察变化事件规格"	"3"	"3"	"0"	"自我动作实现.外设模块.ixx:17872[定义];自我动作实现.外部模块.ixx:583[定义];自我动作实现模块.ixx:8984[定义]"
"确认自我用空间范围投影覆盖原帧验证像素归属规格"	"3"	"3"	"0"	"自我动作实现.外设模块.ixx:17602[定义];自我动作实现.外部模块.ixx:457[定义];自我动作实现模块.ixx:8885[定义]"
"确认自我确保存在内部世界规格"	"3"	"3"	"0"	"自我动作实现.外设模块.ixx:17693[定义];自我动作实现.外部模块.ixx:475[定义];自我动作实现模块.ixx:8903[定义]"
"确认自我确认内部世界子存在规格"	"3"	"3"	"0"	"自我动作实现.外设模块.ixx:17758[定义];自我动作实现.外部模块.ixx:511[定义];自我动作实现模块.ixx:8939[定义]"
"确认自我确认外设观察存在候选规格"	"3"	"3"	"0"	"自我动作实现.外设模块.ixx:17224[定义];自我动作实现.外部模块.ixx:268[定义];自我动作实现模块.ixx:8675[定义]"
"确认自我确认观察存在并更新帧解释状态规格"	"3"	"3"	"0"	"自我动作实现.外设模块.ixx:17637[定义];自我动作实现.外部模块.ixx:466[定义];自我动作实现模块.ixx:8894[定义]"
"确认自我观察单个空间候选并组合存在假设规格"	"3"	"3"	"0"	"自我动作实现.外设模块.ixx:17574[定义];自我动作实现.外部模块.ixx:448[定义];自我动作实现模块.ixx:8876[定义]"
"确认自我评估观察帧质量规格"	"3"	"3"	"0"	"自我动作实现.外设模块.ixx:16275[定义];自我动作实现.外部模块.ixx:142[定义];自我动作实现模块.ixx:8460[定义]"
"确认自我识别外设观察材料规格"	"3"	"3"	"0"	"自我动作实现.外设模块.ixx:16812[定义];自我动作实现.外部模块.ixx:241[定义];自我动作实现模块.ixx:8623[定义]"
"确认自我诊断观察质量缺口并派生补观察需求规格"	"3"	"3"	"0"	"自我动作实现.外设模块.ixx:17369[定义];自我动作实现.外部模块.ixx:151[定义];自我动作实现模块.ixx:8469[定义]"
"确认自我读取自我关键特征变化规格"	"3"	"3"	"0"	"自我动作实现.外设模块.ixx:16542[定义];自我动作实现.外部模块.ixx:178[定义];自我动作实现模块.ixx:8506[定义]"
"确认自我调整外设观察姿态规格"	"3"	"3"	"0"	"自我动作实现.外设模块.ixx:17443[定义];自我动作实现.外部模块.ixx:394[定义];自我动作实现模块.ixx:8822[定义]"
"确认自我调整相机参数并重采样规格"	"3"	"3"	"0"	"自我动作实现.外设模块.ixx:17407[定义];自我动作实现.外部模块.ixx:358[定义];自我动作实现模块.ixx:8786[定义]"
"确认自我调整观察位置规格"	"3"	"3"	"0"	"自我动作实现.外设模块.ixx:17452[定义];自我动作实现.外部模块.ixx:403[定义];自我动作实现模块.ixx:8831[定义]"
"确认自我跟踪指定存在规格"	"3"	"3"	"0"	"自我动作实现.外设模块.ixx:16922[定义];自我动作实现.外部模块.ixx:250[定义];自我动作实现模块.ixx:8649[定义]"
"确认自我递归细分存在内部世界规格"	"3"	"3"	"0"	"自我动作实现.外设模块.ixx:17797[定义];自我动作实现.外部模块.ixx:529[定义];自我动作实现模块.ixx:8957[定义]"
"确认自我验证外设观察像素簇候选规格"	"3"	"3"	"0"	"自我动作实现.外设模块.ixx:17139[定义];自我动作实现.外部模块.ixx:232[定义];自我动作实现模块.ixx:8610[定义]"
"私有_世界类型文本"	"3"	"3"	"0"	"控制面板类.cpp:1145[定义];语言类_二次特征表达.cpp:34[定义];语言类_基础信息命名.cpp:32[定义]"
"私有_任务头绑定需求"	"3"	"3"	"0"	"控制面板摘要线程模块.impl.cpp:217[定义];控制面板类.cpp:261[定义];鱼巢.cpp:622[定义]"
"私有_任务节点属于需求任务链"	"3"	"3"	"0"	"控制面板摘要线程模块.impl.cpp:226[定义];控制面板类.cpp:270[定义];鱼巢.cpp:631[定义]"
"私有_清理主信息_已加锁"	"3"	"0"	"3"	"基础信息类.h:86[声明];语素类.h:103[声明];语言类.h:44[声明]"
"私有_特征值非空_线程侧"	"3"	"3"	"0"	"自我线程模块.impl.cpp:1033[定义];自我线程模块.impl.cpp:1142[定义];自我线程模块.impl.cpp:1153[定义]"
"私有_直接基础信息子节点"	"3"	"3"	"0"	"世界树类.cpp:95[定义];特征类.cpp:73[定义];语言类_存在表达.cpp:47[定义]"
"私有_线程最终去向文本"	"3"	"3"	"0"	"控制面板类.cpp:688[定义];自我线程模块.impl.cpp:12895[定义];鱼巢.cpp:499[定义]"
"私有_线程生命周期文本"	"3"	"3"	"0"	"控制面板类.cpp:651[定义];自我线程模块.impl.cpp:12805[定义];鱼巢.cpp:174[定义]"
"私有_线程运行阶段文本"	"3"	"3"	"0"	"控制面板类.cpp:666[定义];自我线程模块.impl.cpp:12873[定义];鱼巢.cpp:477[定义]"
"私有_设置同层环头"	"3"	"1"	"2"	"双向链表模板_深拷贝.inl:105[声明];双向链表模板核心.h:210[定义];双向链表模板核心.h:533[声明]"
"私有_追加等号字段"	"3"	"3"	"0"	"控制面板类.cpp:2724[定义];控制面板类.cpp:2733[定义];控制面板类.cpp:2742[定义]"
"私有_饱和减"	"3"	"3"	"0"	"世界树类.cpp:175[定义];特征类.cpp:134[定义];自我类.cpp:37[定义]"
"自我判断基础观察事实可用性"	"3"	"3"	"0"	"自我动作实现.外设模块.ixx:19157[定义];自我动作实现.外部模块.ixx:745[定义];自我动作实现模块.ixx:12356[定义]"
"自我判断空间候选相对独立性"	"3"	"3"	"0"	"自我动作实现.外设模块.ixx:26955[定义];自我动作实现.外部模块.ixx:1015[定义];自我动作实现模块.ixx:12662[定义]"
"自我匹配当前观察存在与历史观察存在"	"3"	"3"	"0"	"自我动作实现.外设模块.ixx:26691[定义];自我动作实现.外部模块.ixx:1150[定义];自我动作实现模块.ixx:12770[定义]"
"自我在内部世界提取子候选"	"3"	"3"	"0"	"自我动作实现.外设模块.ixx:26355[定义];自我动作实现.外部模块.ixx:1087[定义];自我动作实现模块.ixx:12734[定义]"
"自我导出OpenGL复现数据"	"3"	"3"	"0"	"自我动作实现.外设模块.ixx:26872[定义];自我动作实现.外部模块.ixx:1186[定义];自我动作实现模块.ixx:12806[定义]"
"自我导出当前场景识别快照"	"3"	"3"	"0"	"自我动作实现.外设模块.ixx:26854[定义];自我动作实现.外部模块.ixx:1177[定义];自我动作实现模块.ixx:12797[定义]"
"自我将存在局部观察切片映射到内部世界"	"3"	"3"	"0"	"自我动作实现.外设模块.ixx:26337[定义];自我动作实现.外部模块.ixx:1078[定义];自我动作实现模块.ixx:12725[定义]"
"自我建立像素观察事实索引"	"3"	"3"	"0"	"自我动作实现.外设模块.ixx:18828[定义];自我动作实现.外部模块.ixx:700[定义];自我动作实现模块.ixx:12311[定义]"
"自我建立存在内外场景接口"	"3"	"3"	"0"	"自我动作实现.外设模块.ixx:26319[定义];自我动作实现.外部模块.ixx:1069[定义];自我动作实现模块.ixx:12716[定义]"
"自我建立最小自我边界参照"	"3"	"3"	"0"	"自我动作实现.外设模块.ixx:21025[定义];自我动作实现.外部模块.ixx:988[定义];自我动作实现模块.ixx:12383[定义]"
"自我建立观察帧到自我场景接口"	"3"	"3"	"0"	"自我动作实现.外设模块.ixx:18692[定义];自我动作实现.外部模块.ixx:691[定义];自我动作实现模块.ixx:12302[定义]"
"自我建立观察帧存在"	"3"	"3"	"0"	"自我动作实现.外设模块.ixx:18620[定义];自我动作实现.外部模块.ixx:682[定义];自我动作实现模块.ixx:12293[定义]"
"自我执行多帧重采样并择优"	"3"	"3"	"0"	"自我动作实现.外设模块.ixx:25959[定义];自我动作实现.外部模块.ixx:943[定义];自我动作实现模块.ixx:12608[定义]"
"自我承接像素特征值"	"3"	"3"	"0"	"自我动作实现.外设模块.ixx:18911[定义];自我动作实现.外部模块.ixx:709[定义];自我动作实现模块.ixx:12320[定义]"
"自我按ROI重算观察质量"	"3"	"3"	"0"	"自我动作实现.外设模块.ixx:25944[定义];自我动作实现.外部模块.ixx:934[定义];自我动作实现模块.ixx:12599[定义]"
"自我按像素坐标回查观察事实"	"3"	"3"	"0"	"自我动作实现.外设模块.ixx:26038[定义];自我动作实现.外部模块.ixx:979[定义];自我动作实现模块.ixx:12644[定义]"
"自我按已确认轮廓分区当前帧"	"3"	"3"	"0"	"自我动作实现.外设模块.ixx:25416[定义];自我动作实现.外部模块.ixx:916[定义];自我动作实现模块.ixx:12581[定义]"
"自我提交目标观察约束特征组"	"3"	"3"	"0"	"自我动作实现.外设模块.ixx:21618[定义];自我动作实现.外部模块.ixx:844[定义];自我动作实现模块.ixx:12482[定义]"
"自我提取空间候选"	"3"	"3"	"0"	"自我动作实现.外设模块.ixx:26890[定义];自我动作实现.外部模块.ixx:1006[定义];自我动作实现模块.ixx:12653[定义]"
"自我明确当前场景持续观察需求"	"3"	"3"	"0"	"自我动作实现.外设模块.ixx:20415[定义];自我动作实现.外部模块.ixx:781[定义];自我动作实现模块.ixx:12410[定义]"
"自我明确负向影响处置需求"	"3"	"3"	"0"	"自我动作实现.外设模块.ixx:20629[定义];自我动作实现.外部模块.ixx:799[定义];自我动作实现模块.ixx:12428[定义]"
"自我校验观察事实完备性"	"3"	"3"	"0"	"自我动作实现.外设模块.ixx:18995[定义];自我动作实现.外部模块.ixx:718[定义];自我动作实现模块.ixx:12329[定义]"
"自我比较存在特征变化"	"3"	"3"	"0"	"自我动作实现.外设模块.ixx:26709[定义];自我动作实现.外部模块.ixx:1159[定义];自我动作实现模块.ixx:12779[定义]"
"自我生成低置信补偿观察候选"	"3"	"3"	"0"	"自我动作实现.外设模块.ixx:25974[定义];自我动作实现.外部模块.ixx:952[定义];自我动作实现模块.ixx:12617[定义]"
"自我生成存在自我相对安全特征"	"3"	"3"	"0"	"自我动作实现.外设模块.ixx:21198[定义];自我动作实现.外部模块.ixx:997[定义];自我动作实现模块.ixx:12392[定义]"
"自我生成空间候选观察队列"	"3"	"3"	"0"	"自我动作实现.外设模块.ixx:27032[定义];自我动作实现.外部模块.ixx:1024[定义];自我动作实现模块.ixx:12671[定义]"
"自我生成观察变化事件"	"3"	"3"	"0"	"自我动作实现.外设模块.ixx:26727[定义];自我动作实现.外部模块.ixx:1168[定义];自我动作实现模块.ixx:12788[定义]"
"自我用空间范围投影覆盖原帧验证像素归属"	"3"	"3"	"0"	"自我动作实现.外设模块.ixx:27192[定义];自我动作实现.外部模块.ixx:1042[定义];自我动作实现模块.ixx:12689[定义]"
"自我确保存在内部世界"	"3"	"3"	"0"	"自我动作实现.外设模块.ixx:26301[定义];自我动作实现.外部模块.ixx:1060[定义];自我动作实现模块.ixx:12707[定义]"
"自我确认内部世界子存在"	"3"	"3"	"0"	"自我动作实现.外设模块.ixx:26373[定义];自我动作实现.外部模块.ixx:1096[定义];自我动作实现模块.ixx:12743[定义]"
"自我确认外设观察存在候选"	"3"	"3"	"0"	"自我动作实现.外设模块.ixx:23268[定义];自我动作实现.外部模块.ixx:853[定义];自我动作实现模块.ixx:12491[定义]"
"自我确认观察存在并更新帧解释状态"	"3"	"3"	"0"	"自我动作实现.外设模块.ixx:27276[定义];自我动作实现.外部模块.ixx:1051[定义];自我动作实现模块.ixx:12698[定义]"
"自我观察单个空间候选并组合存在假设"	"3"	"3"	"0"	"自我动作实现.外设模块.ixx:27110[定义];自我动作实现.外部模块.ixx:1033[定义];自我动作实现模块.ixx:12680[定义]"
"自我评估观察帧质量"	"3"	"3"	"0"	"自我动作实现.外设模块.ixx:19076[定义];自我动作实现.外部模块.ixx:727[定义];自我动作实现模块.ixx:12338[定义]"
"自我识别外设观察材料"	"3"	"3"	"0"	"自我动作实现.外设模块.ixx:21884[定义];自我动作实现.外部模块.ixx:826[定义];自我动作实现模块.ixx:12455[定义]"
"自我诊断观察质量缺口并派生补观察需求"	"3"	"3"	"0"	"自我动作实现.外设模块.ixx:25692[定义];自我动作实现.外部模块.ixx:736[定义];自我动作实现模块.ixx:12347[定义]"
"自我读取自我关键特征变化"	"3"	"3"	"0"	"自我动作实现.外设模块.ixx:20858[定义];自我动作实现.外部模块.ixx:763[定义];自我动作实现模块.ixx:12374[定义]"
"自我调整外设观察姿态"	"3"	"3"	"0"	"自我动作实现.外设模块.ixx:25989[定义];自我动作实现.外部模块.ixx:961[定义];自我动作实现模块.ixx:12626[定义]"
"自我调整相机参数并重采样"	"3"	"3"	"0"	"自我动作实现.外设模块.ixx:25929[定义];自我动作实现.外部模块.ixx:925[定义];自我动作实现模块.ixx:12590[定义]"
"自我调整观察位置"	"3"	"3"	"0"	"自我动作实现.外设模块.ixx:26004[定义];自我动作实现.外部模块.ixx:970[定义];自我动作实现模块.ixx:12635[定义]"
"自我跟踪指定存在"	"3"	"3"	"0"	"自我动作实现.外设模块.ixx:22382[定义];自我动作实现.外部模块.ixx:835[定义];自我动作实现模块.ixx:12473[定义]"
"自我递归细分存在内部世界"	"3"	"3"	"0"	"自我动作实现.外设模块.ixx:26556[定义];自我动作实现.外部模块.ixx:1141[定义];自我动作实现模块.ixx:12761[定义]"
"自我验证外设观察像素簇候选"	"3"	"3"	"0"	"自我动作实现.外设模块.ixx:22836[定义];自我动作实现.外部模块.ixx:817[定义];自我动作实现模块.ixx:12446[定义]"
"获取子特征"	"3"	"0"	"3"	"场景类.h:30[声明];存在类.h:75[声明];特征类.h:304[声明]"
"解析实例特征命中抽象特征"	"3"	"1"	"2"	"世界树类.h:129[声明];特征类.h:327[声明];自我动作实现模块.ixx:5965[定义]"
"语素入口主信息类"	"3"	"3"	"0"	"语素主信息类.h:413[定义];语素主信息类.h:419[定义];语素主信息类.h:427[定义]"
"语素入口主键相同"	"3"	"3"	"0"	"自我动作实现.外设模块.ixx:8600[定义];自我动作实现.扫描.ixx:1296[定义];自我动作实现模块.ixx:3141[定义]"
"语素类"	"3"	"0"	"3"	"语素类.h:28[声明];语素类.h:31[声明];语素类.h:33[声明]"
"语素类::查找人类词性入口节点"	"3"	"3"	"0"	"语素类.cpp:762[定义];语素类.cpp:769[定义];语素类.cpp:775[定义]"
"语言类"	"3"	"0"	"3"	"语言类.h:13[声明];语言类.h:16[声明];语言类.h:18[声明]"
"读取基础节点I64"	"3"	"3"	"0"	"自我动作实现.外设模块.ixx:7977[定义];自我动作实现.服务模块.ixx:1650[定义];自我动作实现模块.ixx:2705[定义]"
"读取基础节点指针"	"3"	"3"	"0"	"自我动作实现.外设模块.ixx:8003[定义];自我动作实现.服务模块.ixx:1287[定义];自我动作实现模块.ixx:2731[定义]"
"读取数据"	"3"	"2"	"1"	"双向链表模板_序列化.inl:242[定义];双向链表模板核心.h:688[声明];双向链表模板核心.h:691[定义]"
"读取调用信息指针"	"3"	"3"	"0"	"自我动作实现.外设模块.ixx:8140[定义];自我动作实现.服务模块.ixx:1348[定义];自我动作实现模块.ixx:2836[定义]"
"读取输入包I64"	"3"	"3"	"0"	"自我动作实现.外设模块.ixx:8100[定义];自我动作实现.服务模块.ixx:1662[定义];自我动作实现模块.ixx:2796[定义]"
"读取输入包指针"	"3"	"3"	"0"	"自我动作实现.外设模块.ixx:8115[定义];自我动作实现.服务模块.ixx:1333[定义];自我动作实现模块.ixx:2811[定义]"
"输入包根"	"3"	"3"	"0"	"自我动作实现.外设模块.ixx:8088[定义];自我动作实现.服务模块.ixx:1300[定义];自我动作实现模块.ixx:2784[定义]"
"输入条件包根"	"3"	"3"	"0"	"自我动作实现.外设模块.ixx:8130[定义];自我动作实现.服务模块.ixx:1312[定义];自我动作实现模块.ixx:2826[定义]"
"采集一帧"	"3"	"2"	"1"	"D455相机类.cpp:95[定义];双目相机本能适配器.cpp:1374[定义];双目相机本能适配器.h:206[声明]"
"释放双目相机"	"3"	"3"	"0"	"自我动作实现.外设模块.ixx:18274[定义];自我动作实现.外部模块.ixx:619[定义];自我动作实现模块.ixx:12230[定义]"
"Vector3D"	"2"	"1"	"1"	"基础数据类型.h:955[声明];基础数据类型.h:958[定义]"
"_写字符串"	"2"	"1"	"1"	"双向链表模板_序列化.inl:28[定义];双向链表模板核心.h:702[声明]"
"_由索引取指针"	"2"	"1"	"1"	"双向链表模板_序列化.inl:61[定义];双向链表模板核心.h:705[声明]"
"_索引或空"	"2"	"1"	"1"	"双向链表模板_序列化.inl:49[定义];双向链表模板核心.h:704[声明]"
"at"	"2"	"2"	"0"	"基础数据类型.h:1191[定义];基础数据类型.h:1194[定义]"
"cur"	"2"	"0"	"2"	"特征值类.h:275[声明];特征值类.h:331[声明]"
"operator-"	"2"	"2"	"0"	"基础数据类型.h:551[定义];基础数据类型.h:983[定义]"
"operator/"	"2"	"2"	"0"	"基础数据类型.h:970[定义];基础数据类型.h:1089[定义]"
"世界树类::二次特征"	"2"	"2"	"0"	"世界树类.cpp:914[定义];世界树类.cpp:917[定义]"
"世界树类::二次特征生成"	"2"	"2"	"0"	"世界树类.cpp:920[定义];世界树类.cpp:923[定义]"
"世界树类::值池"	"2"	"2"	"0"	"世界树类.cpp:890[定义];世界树类.cpp:893[定义]"
"世界树类::写入特征_I64"	"2"	"2"	"0"	"世界树类.cpp:1597[定义];世界树类.cpp:1603[定义]"
"世界树类::写入特征_VecI64"	"2"	"2"	"0"	"世界树类.cpp:1652[定义];世界树类.cpp:1662[定义]"
"世界树类::写入特征_VecU"	"2"	"2"	"0"	"世界树类.cpp:1629[定义];世界树类.cpp:1640[定义]"
"世界树类::写入特征_指针"	"2"	"2"	"0"	"世界树类.cpp:1610[定义];世界树类.cpp:1618[定义]"
"世界树类::动态"	"2"	"2"	"0"	"世界树类.cpp:932[定义];世界树类.cpp:935[定义]"
"世界树类::因果"	"2"	"2"	"0"	"世界树类.cpp:938[定义];世界树类.cpp:941[定义]"
"世界树类::场景"	"2"	"2"	"0"	"世界树类.cpp:908[定义];世界树类.cpp:911[定义]"
"世界树类::基础信息"	"2"	"2"	"0"	"世界树类.cpp:884[定义];世界树类.cpp:887[定义]"
"世界树类::存在"	"2"	"2"	"0"	"世界树类.cpp:902[定义];世界树类.cpp:905[定义]"
"世界树类::特征"	"2"	"2"	"0"	"世界树类.cpp:896[定义];世界树类.cpp:899[定义]"
"世界树类::状态"	"2"	"2"	"0"	"世界树类.cpp:926[定义];世界树类.cpp:929[定义]"
"世界树类::读取特征VecI64"	"2"	"2"	"0"	"世界树类.cpp:1745[定义];世界树类.cpp:1755[定义]"
"世界树类::读取特征_I64"	"2"	"2"	"0"	"世界树类.cpp:1686[定义];世界树类.cpp:1697[定义]"
"世界树类::读取特征_指针"	"2"	"2"	"0"	"世界树类.cpp:1708[定义];世界树类.cpp:1720[定义]"
"世界树类::读取特征快照"	"2"	"2"	"0"	"世界树类.cpp:1674[定义];世界树类.cpp:1680[定义]"
"二次特征生成模块::取或创建场景条件二次特征_枚举"	"2"	"2"	"0"	"二次特征应用模块.ixx:2529[定义];二次特征应用模块.ixx:2560[定义]"
"二次特征类::取二次特征主信息"	"2"	"2"	"0"	"二次特征类.cpp:328[定义];二次特征类.cpp:334[定义]"
"任务类::写入任务结果状态摘要_兼容"	"2"	"2"	"0"	"任务类.cpp:1421[定义];任务类.cpp:1434[定义]"
"任务类::读取任务执行方法"	"2"	"2"	"0"	"任务类.cpp:1720[定义];任务类.cpp:1734[定义]"
"任务类::读取任务管理对象任务"	"2"	"2"	"0"	"任务类.cpp:1643[定义];任务类.cpp:1662[定义]"
"保存控制面板HTML"	"2"	"2"	"0"	"控制面板类.cpp:14467[定义];控制面板类.cpp:14488[定义]"
"保存数据_已加锁"	"2"	"1"	"1"	"双向链表模板_序列化.inl:72[定义];双向链表模板核心.h:681[声明]"
"修改节点信息"	"2"	"2"	"0"	"双向链表模板核心.h:487[定义];双向链表模板核心.h:494[定义]"
"值_I64溢出"	"2"	"2"	"0"	"自我动作实现.外设模块.ixx:7163[定义];自我动作实现模块.ixx:2317[定义]"
"值_不修改现实场景特征值"	"2"	"2"	"0"	"自我动作实现.外设模块.ixx:2110[定义];自我动作实现模块.ixx:1603[定义]"
"值_不执行被查找到的方法"	"2"	"2"	"0"	"自我动作实现.外设模块.ixx:2117[定义];自我动作实现模块.ixx:1610[定义]"
"值_任务回执_不可推进"	"2"	"2"	"0"	"自我动作实现.外设模块.ixx:1384[定义];自我动作实现模块.ixx:877[定义]"
"值_任务回执_条件不满足"	"2"	"2"	"0"	"自我动作实现.外设模块.ixx:1391[定义];自我动作实现模块.ixx:884[定义]"
"值_任务回执_等待学习"	"2"	"2"	"0"	"自我动作实现.外设模块.ixx:1370[定义];自我动作实现模块.ixx:863[定义]"
"值_任务回执_等待补齐"	"2"	"2"	"0"	"自我动作实现.外设模块.ixx:1377[定义];自我动作实现模块.ixx:870[定义]"
"值_任务回执_运行失败"	"2"	"2"	"0"	"自我动作实现.外设模块.ixx:1363[定义];自我动作实现模块.ixx:856[定义]"
"值_任务回执_运行成功"	"2"	"2"	"0"	"自我动作实现.外设模块.ixx:1356[定义];自我动作实现模块.ixx:849[定义]"
"值_任务回执_运行未达成目标"	"2"	"2"	"0"	"自我动作实现.外设模块.ixx:1398[定义];自我动作实现模块.ixx:891[定义]"
"值_任务状态动作动态_任务场景缺失"	"2"	"2"	"0"	"自我动作实现.外设模块.ixx:7261[定义];自我动作实现模块.ixx:2422[定义]"
"值_任务状态动作动态_任务状态特征缺失"	"2"	"2"	"0"	"自我动作实现.外设模块.ixx:7275[定义];自我动作实现模块.ixx:2436[定义]"
"值_任务状态动作动态_任务节点缺失"	"2"	"2"	"0"	"自我动作实现.外设模块.ixx:7254[定义];自我动作实现模块.ixx:2408[定义]"
"值_任务状态动作动态_任务虚拟存在缺失"	"2"	"2"	"0"	"自我动作实现.外设模块.ixx:7268[定义];自我动作实现模块.ixx:2429[定义]"
"值_任务状态动作动态_动态节点创建失败"	"2"	"2"	"0"	"自我动作实现.外设模块.ixx:7289[定义];自我动作实现模块.ixx:2450[定义]"
"值_任务状态动作动态_提交方法首节点缺失"	"2"	"2"	"0"	"自我动作实现.外设模块.ixx:7247[定义];自我动作实现模块.ixx:2401[定义]"
"值_任务状态动作动态_来源方法入口无效"	"2"	"2"	"0"	"自我动作实现.外设模块.ixx:7282[定义];自我动作实现模块.ixx:2443[定义]"
"值_任务状态动作动态创建失败"	"2"	"2"	"0"	"自我动作实现.外设模块.ixx:7240[定义];自我动作实现模块.ixx:2394[定义]"
"值_候选动作未验证"	"2"	"2"	"0"	"自我动作实现.外设模块.ixx:7317[定义];自我动作实现模块.ixx:2478[定义]"
"值_候选方法不可用"	"2"	"2"	"0"	"自我动作实现.外设模块.ixx:2054[定义];自我动作实现模块.ixx:1547[定义]"
"值_参数条件缺口"	"2"	"2"	"0"	"自我动作实现.外设模块.ixx:7352[定义];自我动作实现模块.ixx:2513[定义]"
"值_参数绑定失败"	"2"	"2"	"0"	"自我动作实现.外设模块.ixx:1336[定义];自我动作实现模块.ixx:829[定义]"
"值_可执行输入参数场景创建失败"	"2"	"2"	"0"	"自我动作实现.外设模块.ixx:7219[定义];自我动作实现模块.ixx:2373[定义]"
"值_因果证据不足"	"2"	"2"	"0"	"自我动作实现.外设模块.ixx:7303[定义];自我动作实现模块.ixx:2464[定义]"
"值_外设不可用"	"2"	"2"	"0"	"自我动作实现.外设模块.ixx:2138[定义];自我动作实现模块.ixx:1631[定义]"
"值_外设打开失败"	"2"	"2"	"0"	"自我动作实现.外设模块.ixx:2131[定义];自我动作实现模块.ixx:1624[定义]"
"值_外设运行时缺失"	"2"	"2"	"0"	"自我动作实现.外设模块.ixx:2124[定义];自我动作实现模块.ixx:1617[定义]"
"值_外设采集失败"	"2"	"2"	"0"	"自我动作实现.外设模块.ixx:2145[定义];自我动作实现模块.ixx:1638[定义]"
"值_实例特征未命中抽象特征"	"2"	"2"	"0"	"自我动作实现.外设模块.ixx:7387[定义];自我动作实现模块.ixx:2548[定义]"
"值_实际差值未命中约束"	"2"	"2"	"0"	"自我动作实现.外设模块.ixx:7191[定义];自我动作实现模块.ixx:2345[定义]"
"值_差值约束包缺失"	"2"	"2"	"0"	"自我动作实现.外设模块.ixx:7205[定义];自我动作实现模块.ixx:2359[定义]"
"值_差值计算溢出"	"2"	"2"	"0"	"自我动作实现.外设模块.ixx:7170[定义];自我动作实现模块.ixx:2324[定义]"
"值_必需参数缺失"	"2"	"2"	"0"	"自我动作实现.外设模块.ixx:7226[定义];自我动作实现模块.ixx:2380[定义]"
"值_执行前值缺失"	"2"	"2"	"0"	"自我动作实现.外设模块.ixx:7149[定义];自我动作实现模块.ixx:2303[定义]"
"值_执行失败"	"2"	"2"	"0"	"自我动作实现.外设模块.ixx:1349[定义];自我动作实现模块.ixx:842[定义]"
"值_执行差值与目标值冲突"	"2"	"2"	"0"	"自我动作实现.外设模块.ixx:7184[定义];自我动作实现模块.ixx:2338[定义]"
"值_执行成功"	"2"	"2"	"0"	"自我动作实现.外设模块.ixx:1343[定义];自我动作实现模块.ixx:836[定义]"
"值_执行缺口_任务状态不允许执行"	"2"	"2"	"0"	"自我动作实现.外设模块.ixx:1468[定义];自我动作实现模块.ixx:961[定义]"
"值_执行缺口_可执行输入参数场景缺失"	"2"	"2"	"0"	"自我动作实现.外设模块.ixx:1482[定义];自我动作实现模块.ixx:975[定义]"
"值_执行缺口_当前方法执行失败"	"2"	"2"	"0"	"自我动作实现.外设模块.ixx:1503[定义];自我动作实现模块.ixx:996[定义]"
"值_执行缺口_当前方法无执行入口"	"2"	"2"	"0"	"自我动作实现.外设模块.ixx:1489[定义];自我动作实现模块.ixx:982[定义]"
"值_执行缺口_当前方法条件不满足"	"2"	"2"	"0"	"自我动作实现.外设模块.ixx:1496[定义];自我动作实现模块.ixx:989[定义]"
"值_执行缺口_当前方法缺失"	"2"	"2"	"0"	"自我动作实现.外设模块.ixx:1475[定义];自我动作实现模块.ixx:968[定义]"
"值_执行缺口_输出结果缺失"	"2"	"2"	"0"	"自我动作实现.外设模块.ixx:1510[定义];自我动作实现模块.ixx:1003[定义]"
"值_执行缺口_需求未满足"	"2"	"2"	"0"	"自我动作实现.外设模块.ixx:1517[定义];自我动作实现模块.ixx:1010[定义]"
"值_方法域动作动态创建失败"	"2"	"2"	"0"	"自我动作实现.外设模块.ixx:7296[定义];自我动作实现模块.ixx:2457[定义]"
"值_方法条件结果场景缺失"	"2"	"2"	"0"	"自我动作实现.外设模块.ixx:2089[定义];自我动作实现模块.ixx:1582[定义]"
"值_方法虚拟存在缺失"	"2"	"2"	"0"	"自我动作实现.外设模块.ixx:2068[定义];自我动作实现模块.ixx:1561[定义]"
"值_方法规格确认失败"	"2"	"2"	"0"	"自我动作实现.外设模块.ixx:2096[定义];自我动作实现模块.ixx:1589[定义]"
"值_方法运行结果_筹办失败"	"2"	"2"	"0"	"自我动作实现.外设模块.ixx:1552[定义];自我动作实现模块.ixx:1045[定义]"
"值_方法运行结果_筹办成功"	"2"	"2"	"0"	"自我动作实现.外设模块.ixx:1538[定义];自我动作实现模块.ixx:1031[定义]"
"值_方法运行结果_筹办未完成"	"2"	"2"	"0"	"自我动作实现.外设模块.ixx:1545[定义];自我动作实现模块.ixx:1038[定义]"
"值_方法配对结果创建失败"	"2"	"2"	"0"	"自我动作实现.外设模块.ixx:2103[定义];自我动作实现模块.ixx:1596[定义]"
"值_方法配对结果缺失"	"2"	"2"	"0"	"自我动作实现.外设模块.ixx:7212[定义];自我动作实现模块.ixx:2366[定义]"
"值_无执行缺口"	"2"	"2"	"0"	"自我动作实现.外设模块.ixx:1461[定义];自我动作实现模块.ixx:954[定义]"
"值_无筹办缺口"	"2"	"2"	"0"	"自我动作实现.外设模块.ixx:1405[定义];自我动作实现模块.ixx:898[定义]"
"值_本轮运行虚拟存在缺失"	"2"	"2"	"0"	"自我动作实现.外设模块.ixx:2082[定义];自我动作实现模块.ixx:1575[定义]"
"值_来源_任务提供参数"	"2"	"2"	"0"	"自我动作实现.外设模块.ixx:7338[定义];自我动作实现模块.ixx:2499[定义]"
"值_来源_方法固定参数"	"2"	"2"	"0"	"自我动作实现.外设模块.ixx:1281[定义];自我动作实现模块.ixx:774[定义]"
"值_来源_目标现实场景"	"2"	"2"	"0"	"自我动作实现.外设模块.ixx:1288[定义];自我动作实现模块.ixx:781[定义]"
"值_来源_练习自动生成"	"2"	"2"	"0"	"自我动作实现.外设模块.ixx:7345[定义];自我动作实现模块.ixx:2506[定义]"
"值_来源_输入任务参数包"	"2"	"2"	"0"	"自我动作实现.外设模块.ixx:1267[定义];自我动作实现模块.ixx:760[定义]"
"值_来源_输入条件包"	"2"	"2"	"0"	"自我动作实现.外设模块.ixx:1274[定义];自我动作实现模块.ixx:767[定义]"
"值_来源_输入现实场景包"	"2"	"2"	"0"	"自我动作实现.外设模块.ixx:1260[定义];自我动作实现模块.ixx:753[定义]"
"值_没有匹配方法"	"2"	"2"	"0"	"自我动作实现.外设模块.ixx:2047[定义];自我动作实现模块.ixx:1540[定义]"
"值_派生需求_检查当前方法执行入口"	"2"	"2"	"0"	"自我动作实现.外设模块.ixx:1531[定义];自我动作实现模块.ixx:1024[定义]"
"值_派生需求_重新筹办任务"	"2"	"2"	"0"	"自我动作实现.外设模块.ixx:1524[定义];自我动作实现模块.ixx:1017[定义]"
"值_目标值类型不是I64"	"2"	"2"	"0"	"自我动作实现.外设模块.ixx:7394[定义];自我动作实现模块.ixx:2555[定义]"
"值_目标实例特征缺失"	"2"	"2"	"0"	"自我动作实现.外设模块.ixx:7142[定义];自我动作实现模块.ixx:2296[定义]"
"值_目标抽象特征无效"	"2"	"2"	"0"	"自我动作实现.外设模块.ixx:7380[定义];自我动作实现模块.ixx:2541[定义]"
"值_目标方法头节点缺失"	"2"	"2"	"0"	"自我动作实现.外设模块.ixx:7233[定义];自我动作实现模块.ixx:2387[定义]"
"值_目标方法尚未好用"	"2"	"2"	"0"	"自我动作实现.外设模块.ixx:7324[定义];自我动作实现模块.ixx:2485[定义]"
"值_目标特征写入失败"	"2"	"2"	"0"	"自我动作实现.外设模块.ixx:7198[定义];自我动作实现模块.ixx:2352[定义]"
"值_目标特征缺失"	"2"	"2"	"0"	"自我动作实现.外设模块.ixx:7331[定义];自我动作实现模块.ixx:2492[定义]"
"值_筹办缺口_任务信息缺失"	"2"	"2"	"0"	"自我动作实现.外设模块.ixx:1412[定义];自我动作实现模块.ixx:905[定义]"
"值_筹办缺口_候选方法不可用"	"2"	"2"	"0"	"自我动作实现.外设模块.ixx:1433[定义];自我动作实现模块.ixx:926[定义]"
"值_筹办缺口_候选方法条件不满足"	"2"	"2"	"0"	"自我动作实现.外设模块.ixx:1447[定义];自我动作实现模块.ixx:940[定义]"
"值_筹办缺口_候选方法缺执行入口"	"2"	"2"	"0"	"自我动作实现.外设模块.ixx:1440[定义];自我动作实现模块.ixx:933[定义]"
"值_筹办缺口_参数配对失败"	"2"	"2"	"0"	"自我动作实现.外设模块.ixx:1454[定义];自我动作实现模块.ixx:947[定义]"
"值_筹办缺口_无确定候选方法"	"2"	"2"	"0"	"自我动作实现.外设模块.ixx:1426[定义];自我动作实现模块.ixx:919[定义]"
"值_筹办缺口_需求目标不可解析"	"2"	"2"	"0"	"自我动作实现.外设模块.ixx:1419[定义];自我动作实现模块.ixx:912[定义]"
"值_缺少执行入口"	"2"	"2"	"0"	"自我动作实现.外设模块.ixx:7359[定义];自我动作实现模块.ixx:2520[定义]"
"值_缺少执行差值或目标值"	"2"	"2"	"0"	"自我动作实现.外设模块.ixx:7177[定义];自我动作实现模块.ixx:2331[定义]"
"值_自我动作缺失"	"2"	"2"	"0"	"自我动作实现.外设模块.ixx:7310[定义];自我动作实现模块.ixx:2471[定义]"
"值_自身方法头节点缺失"	"2"	"2"	"0"	"自我动作实现.外设模块.ixx:2075[定义];自我动作实现模块.ixx:1568[定义]"
"值_超出限制"	"2"	"2"	"0"	"自我动作实现.外设模块.ixx:2040[定义];自我动作实现模块.ixx:1533[定义]"
"值_输入快照过期"	"2"	"2"	"0"	"自我动作实现.外设模块.ixx:7156[定义];自我动作实现模块.ixx:2310[定义]"
"值_输入条件包绑定失败"	"2"	"2"	"0"	"自我动作实现.外设模块.ixx:2061[定义];自我动作实现模块.ixx:1554[定义]"
"值_输入绑定失败"	"2"	"2"	"0"	"自我动作实现.外设模块.ixx:2033[定义];自我动作实现模块.ixx:1526[定义]"
"值_需求未满足"	"2"	"2"	"0"	"自我动作实现.外设模块.ixx:7373[定义];自我动作实现模块.ixx:2534[定义]"
"值_需求满足"	"2"	"2"	"0"	"自我动作实现.外设模块.ixx:7366[定义];自我动作实现模块.ixx:2527[定义]"
"值类型_I64"	"2"	"2"	"0"	"自我动作实现.外设模块.ixx:1295[定义];自我动作实现模块.ixx:788[定义]"
"值类型_场景指针"	"2"	"2"	"0"	"自我动作实现.外设模块.ixx:1309[定义];自我动作实现模块.ixx:802[定义]"
"值类型_特征值"	"2"	"2"	"0"	"自我动作实现.外设模块.ixx:1323[定义];自我动作实现模块.ixx:816[定义]"
"值类型_特征类型指针"	"2"	"2"	"0"	"自我动作实现.外设模块.ixx:1316[定义];自我动作实现模块.ixx:809[定义]"
"值类型_类型I64"	"2"	"2"	"0"	"自我动作实现.外设模块.ixx:1302[定义];自我动作实现模块.ixx:795[定义]"
"关闭项目日志"	"2"	"1"	"1"	"日志接入.h:9[声明];日志模块.ixx:561[定义]"
"写入任务结果状态摘要_兼容"	"2"	"0"	"2"	"任务类.h:93[声明];任务类.h:96[声明]"
"写入参数绑定失败"	"2"	"2"	"0"	"自我动作实现.外设模块.ixx:9018[定义];自我动作实现模块.ixx:4094[定义]"
"写入基础节点I64"	"2"	"2"	"0"	"自我动作实现.外设模块.ixx:7499[定义];自我动作实现模块.ixx:2660[定义]"
"写入基础节点指针"	"2"	"2"	"0"	"自我动作实现.外设模块.ixx:7486[定义];自我动作实现模块.ixx:2647[定义]"
"写入基础节点特征值"	"2"	"2"	"0"	"自我动作实现.外设模块.ixx:7773[定义];自我动作实现模块.ixx:2672[定义]"
"写入存在I64"	"2"	"2"	"0"	"自我动作实现.外设模块.ixx:7453[定义];自我动作实现模块.ixx:2614[定义]"
"写入存在指针"	"2"	"2"	"0"	"自我动作实现.外设模块.ixx:7469[定义];自我动作实现模块.ixx:2630[定义]"
"写入方法执行情况"	"2"	"2"	"0"	"自我动作实现.外设模块.ixx:8768[定义];自我动作实现模块.ixx:3309[定义]"
"写入方法补齐任务输入目标方法"	"2"	"2"	"0"	"任务模块.筹办.ixx:4717[定义];任务模块.筹办.ixx:4794[定义]"
"写入本能方法自身环境失败"	"2"	"2"	"0"	"自我动作实现.外设模块.ixx:9536[定义];自我动作实现模块.ixx:4451[定义]"
"写入目标方法I64实际结果状态"	"2"	"2"	"0"	"自我动作实现.外设模块.ixx:8470[定义];自我动作实现模块.ixx:3011[定义]"
"写入目标方法I64特征"	"2"	"2"	"0"	"自我动作实现.外设模块.ixx:8212[定义];自我动作实现模块.ixx:2858[定义]"
"写入目标方法I64特征派生需求"	"2"	"2"	"0"	"自我动作实现.外设模块.ixx:8354[定义];自我动作实现模块.ixx:2991[定义]"
"写入目标方法特征派生需求"	"2"	"2"	"0"	"自我动作实现.外设模块.ixx:8228[定义];自我动作实现模块.ixx:2874[定义]"
"写入目标方法状态派生需求"	"2"	"2"	"0"	"自我动作实现.外设模块.ixx:8333[定义];自我动作实现模块.ixx:2970[定义]"
"分层_登记叶子_已加锁"	"2"	"1"	"1"	"特征值类.h:392[定义];特征值类.h:420[声明]"
"创建二次特征"	"2"	"0"	"2"	"世界树类.h:176[声明];二次特征类.h:19[声明]"
"创建叶子抽象特征"	"2"	"0"	"2"	"世界树类.h:112[声明];特征类.h:267[声明]"
"创建场景"	"2"	"0"	"2"	"世界树类.h:170[声明];场景类.h:14[声明]"
"创建复合抽象特征"	"2"	"0"	"2"	"世界树类.h:117[声明];特征类.h:272[声明]"
"创建存在"	"2"	"0"	"2"	"世界树类.h:139[声明];存在类.h:27[声明]"
"创建抽象特征"	"2"	"0"	"2"	"世界树类.h:111[声明];特征类.h:266[声明]"
"创建特征"	"2"	"0"	"2"	"世界树类.h:136[声明];特征类.h:294[声明]"
"创建状态"	"2"	"0"	"2"	"世界树类.h:177[声明];状态类.h:71[声明]"
"初始化全链自环"	"2"	"1"	"1"	"双向链表模板核心.h:74[定义];双向链表模板核心.h:87[声明]"
"初始化同层自环"	"2"	"1"	"1"	"双向链表模板核心.h:66[定义];双向链表模板核心.h:86[声明]"
"初始化度量模板注册表"	"2"	"1"	"1"	"度量模板注册表桥接.cpp:6[定义];度量模板注册表桥接.h:14[声明]"
"初始化项目日志"	"2"	"1"	"1"	"日志接入.h:8[声明];日志模块.ixx:544[定义]"
"删除节点"	"2"	"1"	"1"	"双向链表模板核心.h:541[定义];基础信息类.h:26[声明]"
"删除链表"	"2"	"1"	"1"	"双向链表模板核心.h:168[声明];双向链表模板核心.h:588[定义]"
"判断二次特征方向"	"2"	"2"	"0"	"二次特征应用模块.ixx:218[定义];二次特征应用模块.ixx:288[定义]"
"判断方向是否一致"	"2"	"2"	"0"	"二次特征应用模块.ixx:296[定义];二次特征应用模块.ixx:317[定义]"
"刷新度量签名_链键"	"2"	"1"	"1"	"二次特征类.h:96[声明];基础信息主信息类.h:696[定义]"
"刷新需求结构角色"	"2"	"1"	"1"	"需求类.h:518[定义];需求类.h:535[声明]"
"动态类::创建动态"	"2"	"2"	"0"	"动态类.cpp:498[定义];动态类.cpp:695[定义]"
"动态类::取动态主信息"	"2"	"2"	"0"	"动态类.cpp:480[定义];动态类.cpp:486[定义]"
"匹配抽象特征"	"2"	"0"	"2"	"世界树类.h:122[声明];特征类.h:309[声明]"
"取或创建子存在_按类型"	"2"	"0"	"2"	"世界树类.h:140[声明];存在类.h:38[声明]"
"取或创建子存在_按类型并按特征I64"	"2"	"0"	"2"	"世界树类.h:141[声明];存在类.h:42[声明]"
"取或创建子特征"	"2"	"2"	"0"	"自我动作实现.外设模块.ixx:7967[定义];自我动作实现模块.ixx:2695[定义]"
"取或创建子特征_按类型"	"2"	"0"	"2"	"世界树类.h:138[声明];特征类.h:300[声明]"
"取或创建存在概念根"	"2"	"0"	"2"	"世界树类.h:90[声明];基础信息类.h:31[声明]"
"取或创建实例特征_按抽象特征"	"2"	"0"	"2"	"世界树类.h:126[声明];特征类.h:313[声明]"
"取条件节点信息"	"2"	"2"	"0"	"方法主信息类.h:368[定义];方法主信息类.h:374[定义]"
"取特征主信息"	"2"	"2"	"0"	"本能动作类.ixx:26[定义];本能动作类.ixx:32[定义]"
"取结果节点信息"	"2"	"2"	"0"	"方法主信息类.h:380[定义];方法主信息类.h:386[定义]"
"取首个方法条件节点"	"2"	"2"	"0"	"自我动作实现.外设模块.ixx:9480[定义];自我动作实现模块.ixx:4374[定义]"
"取首节点信息"	"2"	"2"	"0"	"方法主信息类.h:356[定义];方法主信息类.h:362[定义]"
"可用任务头"	"2"	"2"	"0"	"自我线程模块.impl.cpp:5176[定义];自我线程模块.impl.cpp:5183[定义]"
"合并需求主信息_已加锁"	"2"	"1"	"1"	"需求类.h:998[定义];需求类.h:1108[声明]"
"同步执行桥语义槽"	"2"	"2"	"0"	"任务模块.执行.ixx:62[定义];任务模块.执行.ixx:70[定义]"
"因果类::取因果主信息"	"2"	"2"	"0"	"因果类.cpp:1100[定义];因果类.cpp:1106[定义]"
"因果类::取模板主信息"	"2"	"2"	"0"	"因果类.cpp:1112[定义];因果类.cpp:1118[定义]"
"因果类::生成因果信息"	"2"	"2"	"0"	"因果类.cpp:1821[定义];因果类.cpp:1846[定义]"
"场景类::取场景主信息"	"2"	"2"	"0"	"场景类.cpp:138[定义];场景类.cpp:144[定义]"
"场景节点主信息类"	"2"	"2"	"0"	"基础信息主信息类.h:527[定义];基础信息主信息类.h:530[定义]"
"增加场景I64特征"	"2"	"2"	"0"	"自我动作实现.外设模块.ixx:9000[定义];自我动作实现模块.ixx:4076[定义]"
"声明运行参数"	"2"	"2"	"0"	"自我动作实现.外设模块.ixx:9046[定义];自我动作实现模块.ixx:4121[定义]"
"存在类::取存在主信息"	"2"	"2"	"0"	"存在类.cpp:155[定义];存在类.cpp:165[定义]"
"存在类::确保存在三类根节点"	"2"	"2"	"0"	"存在类.cpp:176[定义];存在类.cpp:183[定义]"
"存在类::获取任务根节点"	"2"	"2"	"0"	"存在类.cpp:206[定义];存在类.cpp:213[定义]"
"存在类::获取方法根节点"	"2"	"2"	"0"	"存在类.cpp:220[定义];存在类.cpp:227[定义]"
"存在类::获取需求根节点"	"2"	"2"	"0"	"存在类.cpp:192[定义];存在类.cpp:199[定义]"
"实际结果场景复现既有结果_条件结果对归并"	"2"	"2"	"0"	"自我动作实现模块.ixx:3475[定义];自我动作实现模块.ixx:3771[定义]"
"已注册"	"2"	"2"	"0"	"动作线程类.ixx:230[定义];度量模板注册表类.ixx:92[定义]"
"成功"	"2"	"2"	"0"	"任务模块.筹办.ixx:5852[定义];自我线程模块.impl.cpp:238[定义]"
"抽象条件场景"	"2"	"2"	"0"	"自我动作实现.外设模块.ixx:8569[定义];自我动作实现模块.ixx:3110[定义]"
"抽象条件集合根"	"2"	"2"	"0"	"自我动作实现.外设模块.ixx:8587[定义];自我动作实现模块.ixx:3128[定义]"
"抽象结果场景"	"2"	"2"	"0"	"自我动作实现.外设模块.ixx:8578[定义];自我动作实现模块.ixx:3119[定义]"
"指针日志文本"	"2"	"2"	"0"	"自我动作实现.外设模块.ixx:9530[定义];自我动作实现模块.ixx:4424[定义]"
"推导方法状态_结构与运行账"	"2"	"2"	"0"	"自我动作实现.外设模块.ixx:8966[定义];自我动作实现模块.ixx:3713[定义]"
"描述无条件本能"	"2"	"2"	"0"	"自我动作实现.外设模块.ixx:9087[定义];自我动作实现模块.ixx:4162[定义]"
"提交"	"2"	"2"	"0"	"动作线程类.ixx:358[定义];动作线程类.ixx:365[定义]"
"提交任务状态被动动作"	"2"	"2"	"0"	"自我动作实现.内部模块.ixx:136[定义];自我动作实现模块.ixx:11739[定义]"
"方法主信息类"	"2"	"1"	"1"	"方法主信息类.h:300[声明];方法主信息类.h:303[定义]"
"方法具有已注册本能执行入口"	"2"	"2"	"0"	"自我动作实现.外设模块.ixx:8927[定义];自我动作实现模块.ixx:3593[定义]"
"方法具有本能执行入口"	"2"	"2"	"0"	"自我动作实现.外设模块.ixx:8904[定义];自我动作实现模块.ixx:3570[定义]"
"方法树根"	"2"	"2"	"0"	"自我动作实现.外设模块.ixx:9105[定义];自我动作实现模块.ixx:4180[定义]"
"方法状态_可用"	"2"	"2"	"0"	"自我动作实现.外设模块.ixx:5877[定义];自我动作实现模块.ixx:2150[定义]"
"方法状态_好用"	"2"	"2"	"0"	"自我动作实现.外设模块.ixx:5880[定义];自我动作实现模块.ixx:2153[定义]"
"方法状态_待可执行入口"	"2"	"2"	"0"	"自我动作实现.外设模块.ixx:5859[定义];自我动作实现模块.ixx:2132[定义]"
"方法状态_待方法动作"	"2"	"2"	"0"	"自我动作实现.外设模块.ixx:5856[定义];自我动作实现模块.ixx:2129[定义]"
"方法状态_待条件结果对"	"2"	"2"	"0"	"自我动作实现.外设模块.ixx:5868[定义];自我动作实现模块.ixx:2141[定义]"
"方法状态_待条件节点"	"2"	"2"	"0"	"自我动作实现.外设模块.ixx:5862[定义];自我动作实现模块.ixx:2135[定义]"
"方法状态_待运行账"	"2"	"2"	"0"	"自我动作实现.外设模块.ixx:5874[定义];自我动作实现模块.ixx:2147[定义]"
"方法状态_有条件结果"	"2"	"2"	"0"	"自我动作实现.外设模块.ixx:5871[定义];自我动作实现模块.ixx:2144[定义]"
"方法状态_有条件节点"	"2"	"2"	"0"	"自我动作实现.外设模块.ixx:5865[定义];自我动作实现模块.ixx:2138[定义]"
"方法真实条件结果对数量"	"2"	"2"	"0"	"自我动作实现.外设模块.ixx:8886[定义];自我动作实现模块.ixx:3552[定义]"
"方法真实条件节点数量"	"2"	"2"	"0"	"自我动作实现.外设模块.ixx:8868[定义];自我动作实现模块.ixx:3534[定义]"
"方法类::查找方法首节点_按动作句柄"	"2"	"2"	"0"	"方法类.cpp:1444[定义];方法类.cpp:1459[定义]"
"方法类::查找方法首节点_按动作名"	"2"	"2"	"0"	"方法类.cpp:1467[定义];方法类.cpp:1482[定义]"
"方法虚拟存在"	"2"	"2"	"0"	"自我动作实现.外设模块.ixx:8203[定义];自我动作实现模块.ixx:2849[定义]"
"方法补齐类别值"	"2"	"2"	"0"	"自我动作实现.外设模块.ixx:5729[定义];自我动作实现模块.ixx:1981[定义]"
"方法规格根"	"2"	"2"	"0"	"自我动作实现.外设模块.ixx:8730[定义];自我动作实现模块.ixx:3271[定义]"
"是有效本能方法能力值"	"2"	"0"	"2"	"方法类.h:83[声明];本能方法类.h:137[声明]"
"是有效治理边"	"2"	"2"	"0"	"基础数据类型.h:1857[定义];基础数据类型.h:1891[定义]"
"普通候选方法筹办禁止原因"	"2"	"0"	"2"	"需求类.h:387[声明];需求类.h:390[声明]"
"更新方法运行账"	"2"	"2"	"0"	"自我动作实现.外设模块.ixx:9410[定义];自我动作实现模块.ixx:4304[定义]"
"有区间"	"2"	"2"	"0"	"基础信息主信息类.h:351[定义];基础信息主信息类.h:450[定义]"
"本能ID是当前默认自我本能_动作模块"	"2"	"2"	"0"	"自我动作实现.外设模块.ixx:8920[定义];自我动作实现模块.ixx:3586[定义]"
"本能动作可作为练习目标"	"2"	"2"	"0"	"自我动作实现.外设模块.ixx:8939[定义];自我动作实现模块.ixx:3617[定义]"
"本能动作已注册_动作模块"	"2"	"2"	"0"	"自我动作实现.外设模块.ixx:8912[定义];自我动作实现模块.ixx:3578[定义]"
"本轮运行虚拟存在"	"2"	"2"	"0"	"自我动作实现.外设模块.ixx:9344[定义];自我动作实现模块.ixx:4238[定义]"
"条件节点已有结果子节点_条件结果对归并"	"2"	"2"	"0"	"自我动作实现.外设模块.ixx:8851[定义];自我动作实现模块.ixx:3509[定义]"
"查找_已加锁"	"2"	"2"	"0"	"特征值类.h:131[定义];特征值类.h:145[定义]"
"查找子特征_按类型"	"2"	"0"	"2"	"存在类.h:76[声明];特征类.h:305[声明]"
"查找方法首节点_按动作句柄"	"2"	"0"	"2"	"方法类.h:16[声明];方法类.h:19[声明]"
"查找方法首节点_按动作名"	"2"	"0"	"2"	"方法类.h:23[声明];方法类.h:26[声明]"
"查找等价条件节点_条件结果对归并"	"2"	"2"	"0"	"自我动作实现.外设模块.ixx:8828[定义];自我动作实现模块.ixx:3486[定义]"
"校验抽象特征子链"	"2"	"0"	"2"	"世界树类.h:121[声明];特征类.h:287[声明]"
"校验结构"	"2"	"2"	"0"	"双向链表模板核心.h:599[定义];基础信息主信息类.h:388[定义]"
"根据概念扩充实例记忆"	"2"	"0"	"2"	"世界树类.h:161[声明];存在类.h:86[声明]"
"检查"	"2"	"1"	"1"	"双目相机本能适配器.cpp:1355[定义];双目相机本能适配器.h:205[声明]"
"深拷贝树"	"2"	"1"	"1"	"双向链表模板_深拷贝.inl:11[定义];双向链表模板核心.h:668[声明]"
"深拷贝树_已加锁"	"2"	"1"	"1"	"双向链表模板_深拷贝.inl:20[定义];双向链表模板核心.h:669[声明]"
"深拷贝树_独立"	"2"	"1"	"1"	"双向链表模板_深拷贝.inl:3[定义];双向链表模板核心.h:667[声明]"
"添加信息入口词"	"2"	"0"	"2"	"语素类.h:57[声明];语素类.h:58[声明]"
"添加子节点_已加锁"	"2"	"2"	"0"	"双向链表模板核心.h:309[定义];双向链表模板核心.h:341[定义]"
"添加节点_已加锁"	"2"	"2"	"0"	"双向链表模板核心.h:261[定义];双向链表模板核心.h:290[定义]"
"清理执行输出派生需求标记"	"2"	"2"	"0"	"自我动作实现.外设模块.ixx:8015[定义];自我动作实现模块.ixx:2743[定义]"
"点值"	"2"	"2"	"0"	"二次特征应用模块.ixx:58[定义];基础数据类型.h:35[定义]"
"点索引"	"2"	"2"	"0"	"基础数据类型.h:1329[定义];基础数据类型.h:1332[定义]"
"特征_任务参数包"	"2"	"2"	"0"	"自我动作实现.外设模块.ixx:1071[定义];自我动作实现模块.ixx:557[定义]"
"特征_任务完成度百万分比"	"2"	"2"	"0"	"自我动作实现.外设模块.ixx:826[定义];自我动作实现模块.ixx:306[定义]"
"特征_任务层执行回执"	"2"	"2"	"0"	"自我动作实现.外设模块.ixx:938[定义];自我动作实现模块.ixx:424[定义]"
"特征_任务状态"	"2"	"2"	"0"	"自我动作实现.外设模块.ixx:924[定义];自我动作实现模块.ixx:404[定义]"
"特征_使用限制包"	"2"	"2"	"0"	"自我动作实现.外设模块.ixx:1914[定义];自我动作实现模块.ixx:1407[定义]"
"特征_使用默认方法搜索根"	"2"	"2"	"0"	"自我动作实现.外设模块.ixx:2026[定义];自我动作实现模块.ixx:1519[定义]"
"特征_候选动作节点"	"2"	"2"	"0"	"自我动作实现.外设模块.ixx:5756[定义];自我动作实现模块.ixx:2008[定义]"
"特征_候选存在数量"	"2"	"2"	"0"	"自我动作实现.外设模块.ixx:2208[定义];自我动作实现模块.ixx:1701[定义]"
"特征_候选存在集合"	"2"	"2"	"0"	"自我动作实现.外设模块.ixx:2201[定义];自我动作实现模块.ixx:1694[定义]"
"特征_候选实参数量"	"2"	"2"	"0"	"自我动作实现.外设模块.ixx:5687[定义];自我动作实现模块.ixx:1939[定义]"
"特征_候选实参表"	"2"	"2"	"0"	"自我动作实现.外设模块.ixx:5680[定义];自我动作实现模块.ixx:1932[定义]"
"特征_候选形参包"	"2"	"2"	"0"	"自我动作实现.外设模块.ixx:5770[定义];自我动作实现模块.ixx:2022[定义]"
"特征_候选扫描数量"	"2"	"2"	"0"	"自我动作实现.外设模块.ixx:2005[定义];自我动作实现模块.ixx:1498[定义]"
"特征_候选方法头节点"	"2"	"2"	"0"	"自我动作实现.外设模块.ixx:1057[定义];自我动作实现模块.ixx:543[定义]"
"特征_候选方法数量"	"2"	"2"	"0"	"自我动作实现.外设模块.ixx:1050[定义];自我动作实现模块.ixx:536[定义]"
"特征_候选方法能力包"	"2"	"2"	"0"	"自我动作实现.外设模块.ixx:5763[定义];自我动作实现模块.ixx:2015[定义]"
"特征_候选结果包"	"2"	"2"	"0"	"自我动作实现.外设模块.ixx:5777[定义];自我动作实现模块.ixx:2029[定义]"
"特征_候选范围包"	"2"	"2"	"0"	"自我动作实现.外设模块.ixx:1697[定义];自我动作实现模块.ixx:1190[定义]"
"特征_值域抽象距离"	"2"	"2"	"0"	"自我动作实现.外设模块.ixx:1984[定义];自我动作实现模块.ixx:1477[定义]"
"特征_允许值类型"	"2"	"2"	"0"	"自我动作实现.外设模块.ixx:1788[定义];自我动作实现模块.ixx:1281[定义]"
"特征_允许执行差值区间"	"2"	"2"	"0"	"自我动作实现.外设模块.ixx:1795[定义];自我动作实现模块.ixx:1288[定义]"
"特征_内化状态"	"2"	"2"	"0"	"自我动作实现.外设模块.ixx:5791[定义];自我动作实现模块.ixx:2043[定义]"
"特征_剩余差距"	"2"	"2"	"0"	"自我动作实现.外设模块.ixx:980[定义];自我动作实现模块.ixx:466[定义]"
"特征_动作主体"	"2"	"2"	"0"	"自我动作实现.外设模块.ixx:5749[定义];自我动作实现模块.ixx:2001[定义]"
"特征_动作主体替换状态"	"2"	"2"	"0"	"自我动作实现.外设模块.ixx:5798[定义];自我动作实现模块.ixx:2050[定义]"
"特征_动作执行失败次数"	"2"	"2"	"0"	"自我动作实现.外设模块.ixx:1197[定义];自我动作实现模块.ixx:690[定义]"
"特征_动作执行成功次数"	"2"	"2"	"0"	"自我动作实现.外设模块.ixx:1190[定义];自我动作实现模块.ixx:683[定义]"
"特征_匹配方法能力包"	"2"	"2"	"0"	"自我动作实现.外设模块.ixx:1956[定义];自我动作实现模块.ixx:1449[定义]"
"特征_匹配路径记录"	"2"	"2"	"0"	"自我动作实现.外设模块.ixx:1970[定义];自我动作实现模块.ixx:1463[定义]"
"特征_区间上界"	"2"	"2"	"0"	"自我动作实现.外设模块.ixx:1746[定义];自我动作实现模块.ixx:1239[定义]"
"特征_区间下界"	"2"	"2"	"0"	"自我动作实现.外设模块.ixx:1739[定义];自我动作实现模块.ixx:1232[定义]"
"特征_占用状态"	"2"	"2"	"0"	"自我动作实现.外设模块.ixx:2187[定义];自我动作实现模块.ixx:1680[定义]"
"特征_原始需求绑定包"	"2"	"2"	"0"	"自我动作实现.外设模块.ixx:1963[定义];自我动作实现模块.ixx:1456[定义]"
"特征_参数值类型"	"2"	"2"	"0"	"自我动作实现.外设模块.ixx:1127[定义];自我动作实现模块.ixx:613[定义]"
"特征_参数新颖性状态"	"2"	"2"	"0"	"自我动作实现.外设模块.ixx:5708[定义];自我动作实现模块.ixx:1960[定义]"
"特征_参数来源"	"2"	"2"	"0"	"自我动作实现.外设模块.ixx:1120[定义];自我动作实现模块.ixx:606[定义]"
"特征_参数生成序号"	"2"	"2"	"0"	"自我动作实现.外设模块.ixx:5694[定义];自我动作实现模块.ixx:1946[定义]"
"特征_参数配对情况"	"2"	"2"	"0"	"自我动作实现.外设模块.ixx:1865[定义];自我动作实现模块.ixx:1358[定义]"
"特征_参数配对结果"	"2"	"2"	"0"	"自我动作实现.外设模块.ixx:1851[定义];自我动作实现模块.ixx:1344[定义]"
"特征_可执行输入参数场景"	"2"	"2"	"0"	"自我动作实现.外设模块.ixx:1872[定义];自我动作实现模块.ixx:1365[定义]"
"特征_可用方法数量"	"2"	"2"	"0"	"自我动作实现.外设模块.ixx:1676[定义];自我动作实现模块.ixx:1169[定义]"
"特征_可选条件特征类型数量"	"2"	"2"	"0"	"自我动作实现.外设模块.ixx:686[定义];自我动作实现模块.ixx:89[定义]"
"特征_启停状态"	"2"	"2"	"0"	"自我动作实现.外设模块.ixx:2180[定义];自我动作实现模块.ixx:1673[定义]"
"特征_固定参数表"	"2"	"2"	"0"	"自我动作实现.外设模块.ixx:728[定义];自我动作实现模块.ixx:131[定义]"
"特征_场景引用"	"2"	"2"	"0"	"自我动作实现.外设模块.ixx:1767[定义];自我动作实现模块.ixx:1260[定义]"
"特征_外设可用性"	"2"	"2"	"0"	"自我动作实现.外设模块.ixx:2166[定义];自我动作实现模块.ixx:1659[定义]"
"特征_外设观察报告ID"	"2"	"2"	"0"	"自我动作实现.外设模块.ixx:4504[定义];自我动作实现.扫描.ixx:467[定义]"
"特征_失败原因"	"2"	"2"	"0"	"自我动作实现.外设模块.ixx:2019[定义];自我动作实现模块.ixx:1512[定义]"
"特征_存在引用"	"2"	"2"	"0"	"自我动作实现.外设模块.ixx:1760[定义];自我动作实现模块.ixx:1253[定义]"
"特征_安全值"	"2"	"2"	"0"	"自我动作实现.外设模块.ixx:1650[定义];自我动作实现模块.ixx:1143[定义]"
"特征_安全结算增量"	"2"	"2"	"0"	"自我动作实现.外设模块.ixx:812[定义];自我动作实现模块.ixx:292[定义]"
"特征_实例缺失策略"	"2"	"2"	"0"	"自我动作实现.外设模块.ixx:5540[定义];自我动作实现模块.ixx:1792[定义]"
"特征_实参生成策略"	"2"	"2"	"0"	"自我动作实现.外设模块.ixx:5701[定义];自我动作实现模块.ixx:1953[定义]"
"特征_实际执行差值"	"2"	"2"	"0"	"自我动作实现.外设模块.ixx:5568[定义];自我动作实现模块.ixx:1820[定义]"
"特征_实际结果状态"	"2"	"2"	"0"	"自我动作实现.外设模块.ixx:833[定义];自我动作实现模块.ixx:313[定义]"
"特征_差值命中状态"	"2"	"2"	"0"	"自我动作实现.外设模块.ixx:5575[定义];自我动作实现模块.ixx:1827[定义]"
"特征_差值约束包"	"2"	"2"	"0"	"自我动作实现.外设模块.ixx:5505[定义];自我动作实现模块.ixx:1757[定义]"
"特征_已绑定实参表"	"2"	"2"	"0"	"自我动作实现.外设模块.ixx:1113[定义];自我动作实现模块.ixx:599[定义]"
"特征_已识别区域扫描入账状态"	"2"	"2"	"0"	"自我动作实现.外设模块.ixx:4679[定义];自我动作实现.扫描.ixx:737[定义]"
"特征_平均运行时长"	"2"	"2"	"0"	"自我动作实现.外设模块.ixx:1232[定义];自我动作实现模块.ixx:725[定义]"
"特征_建议任务状态"	"2"	"2"	"0"	"自我动作实现.外设模块.ixx:945[定义];自我动作实现模块.ixx:431[定义]"
"特征_建议任务阶段"	"2"	"2"	"0"	"自我动作实现.外设模块.ixx:952[定义];自我动作实现模块.ixx:438[定义]"
"特征_当前交互者明确状态"	"2"	"2"	"0"	"自我动作实现.外设模块.ixx:5897[定义];自我动作实现模块.ixx:2170[定义]"
"特征_当前人类服务对象明确状态"	"2"	"2"	"0"	"自我动作实现.外设模块.ixx:5904[定义];自我动作实现模块.ixx:2177[定义]"
"特征_当前值"	"2"	"2"	"0"	"自我动作实现.外设模块.ixx:1099[定义];自我动作实现模块.ixx:585[定义]"
"特征_当前命中抽象特征"	"2"	"2"	"0"	"自我动作实现.外设模块.ixx:5589[定义];自我动作实现模块.ixx:1841[定义]"
"特征_当前方法执行情况"	"2"	"2"	"0"	"自我动作实现.外设模块.ixx:1043[定义];自我动作实现模块.ixx:529[定义]"
"特征_当前服务目标明确状态"	"2"	"2"	"0"	"自我动作实现.外设模块.ixx:5918[定义];自我动作实现模块.ixx:2191[定义]"
"特征_当前权限者明确状态"	"2"	"2"	"0"	"自我动作实现.外设模块.ixx:5911[定义];自我动作实现模块.ixx:2184[定义]"
"特征_当前观察场景"	"2"	"2"	"0"	"自我动作实现.外设模块.ixx:2194[定义];自我动作实现模块.ixx:1687[定义]"
"特征_彩色帧号"	"2"	"2"	"0"	"自我动作实现.外设模块.ixx:2390[定义];自我动作实现模块.ixx:1729[定义]"
"特征_待处理方法数量"	"2"	"2"	"0"	"自我动作实现.外设模块.ixx:1669[定义];自我动作实现模块.ixx:1162[定义]"
"特征_待配对形参表"	"2"	"2"	"0"	"自我动作实现.外设模块.ixx:1998[定义];自我动作实现模块.ixx:1491[定义]"
"特征_必需条件特征类型数量"	"2"	"2"	"0"	"自我动作实现.外设模块.ixx:679[定义];自我动作实现模块.ixx:82[定义]"
"特征_总匹配距离"	"2"	"2"	"0"	"自我动作实现.外设模块.ixx:1991[定义];自我动作实现模块.ixx:1484[定义]"
"特征_成功匹配数量"	"2"	"2"	"0"	"自我动作实现.外设模块.ixx:2012[定义];自我动作实现模块.ixx:1505[定义]"
"特征_执行前值"	"2"	"2"	"0"	"自我动作实现.外设模块.ixx:1615[定义];自我动作实现模块.ixx:1108[定义]"
"特征_执行前值快照"	"2"	"2"	"0"	"自我动作实现.外设模块.ixx:5526[定义];自我动作实现模块.ixx:1778[定义]"
"特征_执行后值"	"2"	"2"	"0"	"自我动作实现.外设模块.ixx:1622[定义];自我动作实现模块.ixx:1115[定义]"
"特征_执行回执表"	"2"	"2"	"0"	"自我动作实现.外设模块.ixx:931[定义];自我动作实现模块.ixx:417[定义]"
"特征_执行结果类型"	"2"	"2"	"0"	"自我动作实现.外设模块.ixx:987[定义];自我动作实现模块.ixx:473[定义]"
"特征_执行缺口类型"	"2"	"2"	"0"	"自我动作实现.外设模块.ixx:1001[定义];自我动作实现模块.ixx:487[定义]"
"特征_抽象特征引用"	"2"	"2"	"0"	"自我动作实现.外设模块.ixx:1753[定义];自我动作实现模块.ixx:1246[定义]"
"特征_改变方向"	"2"	"2"	"0"	"自我动作实现.外设模块.ixx:1106[定义];自我动作实现模块.ixx:592[定义]"
"特征_改变量"	"2"	"2"	"0"	"自我动作实现.外设模块.ixx:1656[定义];自我动作实现模块.ixx:1149[定义]"
"特征_效果表"	"2"	"2"	"0"	"自我动作实现.外设模块.ixx:742[定义];自我动作实现模块.ixx:145[定义]"
"特征_新安全值"	"2"	"2"	"0"	"自我动作实现.外设模块.ixx:882[定义];自我动作实现模块.ixx:362[定义]"
"特征_新服务值"	"2"	"2"	"0"	"自我动作实现.外设模块.ixx:896[定义];自我动作实现模块.ixx:376[定义]"
"特征_方法动作状态"	"2"	"2"	"0"	"自我动作实现.外设模块.ixx:5819[定义];自我动作实现模块.ixx:2071[定义]"
"特征_方法可执行入口数量"	"2"	"2"	"0"	"自我动作实现.外设模块.ixx:5826[定义];自我动作实现模块.ixx:2085[定义]"
"特征_方法成功次数"	"2"	"2"	"0"	"自我动作实现.外设模块.ixx:1211[定义];自我动作实现模块.ixx:704[定义]"
"特征_方法执行情况"	"2"	"2"	"0"	"自我动作实现.外设模块.ixx:1330[定义];自我动作实现模块.ixx:823[定义]"
"特征_方法搜索根"	"2"	"2"	"0"	"自我动作实现.外设模块.ixx:1704[定义];自我动作实现模块.ixx:1197[定义]"
"特征_方法最近连续成功次数"	"2"	"2"	"0"	"自我动作实现.外设模块.ixx:1218[定义];自我动作实现模块.ixx:711[定义]"
"特征_方法条件结果配对状态"	"2"	"2"	"0"	"自我动作实现.外设模块.ixx:5833[定义];自我动作实现模块.ixx:2099[定义]"
"特征_方法条件节点"	"2"	"2"	"0"	"自我动作实现.外设模块.ixx:1636[定义];自我动作实现模块.ixx:1129[定义]"
"特征_方法稳定状态"	"2"	"2"	"0"	"自我动作实现.外设模块.ixx:5847[定义];自我动作实现模块.ixx:2120[定义]"
"特征_方法结果节点"	"2"	"2"	"0"	"自我动作实现.外设模块.ixx:1643[定义];自我动作实现模块.ixx:1136[定义]"
"特征_方法能力包"	"2"	"2"	"0"	"自我动作实现.外设模块.ixx:1711[定义];自我动作实现模块.ixx:1204[定义]"
"特征_方法虚拟存在"	"2"	"2"	"0"	"自我动作实现.外设模块.ixx:1594[定义];自我动作实现模块.ixx:1087[定义]"
"特征_方法补齐尝试结果"	"2"	"2"	"0"	"自我动作实现.外设模块.ixx:5631[定义];自我动作实现模块.ixx:1883[定义]"
"特征_方法补齐状态"	"2"	"2"	"0"	"自我动作实现.外设模块.ixx:5638[定义];自我动作实现模块.ixx:1890[定义]"
"特征_方法补齐类别"	"2"	"2"	"0"	"自我动作实现.外设模块.ixx:5715[定义];自我动作实现模块.ixx:1967[定义]"
"特征_方法补齐结构状态"	"2"	"2"	"0"	"自我动作实现.外设模块.ixx:5805[定义];自我动作实现模块.ixx:2057[定义]"
"特征_方法运行次数"	"2"	"2"	"0"	"自我动作实现.外设模块.ixx:1204[定义];自我动作实现模块.ixx:697[定义]"
"特征_方法运行结果"	"2"	"2"	"0"	"自我动作实现.外设模块.ixx:1022[定义];自我动作实现模块.ixx:508[定义]"
"特征_方法运行结果状态"	"2"	"2"	"0"	"自我动作实现.外设模块.ixx:1029[定义];自我动作实现模块.ixx:515[定义]"
"特征_方法运行账完整性"	"2"	"2"	"0"	"自我动作实现.外设模块.ixx:5840[定义];自我动作实现模块.ixx:2113[定义]"
"特征_方法配对结果"	"2"	"2"	"0"	"自我动作实现.外设模块.ixx:1844[定义];自我动作实现模块.ixx:1337[定义]"
"特征_旧安全值"	"2"	"2"	"0"	"自我动作实现.外设模块.ixx:875[定义];自我动作实现模块.ixx:355[定义]"
"特征_旧服务值"	"2"	"2"	"0"	"自我动作实现.外设模块.ixx:889[定义];自我动作实现模块.ixx:369[定义]"
"特征_是否允许当前方法自身"	"2"	"2"	"0"	"自我动作实现.外设模块.ixx:1837[定义];自我动作实现模块.ixx:1330[定义]"
"特征_是否包含禁用方法"	"2"	"2"	"0"	"自我动作实现.外设模块.ixx:1830[定义];自我动作实现模块.ixx:1323[定义]"
"特征_是否发生溢出"	"2"	"2"	"0"	"自我动作实现.外设模块.ixx:5582[定义];自我动作实现模块.ixx:1834[定义]"
"特征_最大候选数量"	"2"	"2"	"0"	"自我动作实现.外设模块.ixx:1816[定义];自我动作实现模块.ixx:1309[定义]"
"特征_最大值域抽象层数"	"2"	"2"	"0"	"自我动作实现.外设模块.ixx:1809[定义];自我动作实现模块.ixx:1302[定义]"
"特征_最大查找递归深度"	"2"	"2"	"0"	"自我动作实现.外设模块.ixx:1823[定义];自我动作实现模块.ixx:1316[定义]"
"特征_最大类型抽象层数"	"2"	"2"	"0"	"自我动作实现.外设模块.ixx:1802[定义];自我动作实现模块.ixx:1295[定义]"
"特征_最近完成时间"	"2"	"2"	"0"	"自我动作实现.外设模块.ixx:1253[定义];自我动作实现模块.ixx:746[定义]"
"特征_最近执行时间"	"2"	"2"	"0"	"自我动作实现.外设模块.ixx:1246[定义];自我动作实现模块.ixx:739[定义]"
"特征_最近样本时间"	"2"	"2"	"0"	"自我动作实现.外设模块.ixx:1169[定义];自我动作实现模块.ixx:655[定义]"
"特征_最近结算时间"	"2"	"2"	"0"	"自我动作实现.外设模块.ixx:805[定义];自我动作实现模块.ixx:285[定义]"
"特征_最近运行虚拟存在"	"2"	"2"	"0"	"自我动作实现.外设模块.ixx:1239[定义];自我动作实现模块.ixx:732[定义]"
"特征_最高允许宿主类型"	"2"	"2"	"0"	"自我动作实现.外设模块.ixx:1781[定义];自我动作实现模块.ixx:1274[定义]"
"特征_最高允许目标特征类型"	"2"	"2"	"0"	"自我动作实现.外设模块.ixx:1774[定义];自我动作实现模块.ixx:1267[定义]"
"特征_服务值"	"2"	"2"	"0"	"自我动作实现.外设模块.ixx:1663[定义];自我动作实现模块.ixx:1156[定义]"
"特征_服务前状态场景"	"2"	"2"	"0"	"自我动作实现.外设模块.ixx:7107[定义];自我动作实现模块.ixx:2261[定义]"
"特征_服务对象反馈信息获取尝试状态"	"2"	"2"	"0"	"自我动作实现.外设模块.ixx:5932[定义];自我动作实现模块.ixx:2205[定义]"
"特征_服务对象外在特征状态变化数"	"2"	"2"	"0"	"自我动作实现.外设模块.ixx:840[定义];自我动作实现模块.ixx:320[定义]"
"特征_服务对象外在特征状态改善证据"	"2"	"2"	"0"	"自我动作实现.外设模块.ixx:847[定义];自我动作实现模块.ixx:327[定义]"
"特征_服务结果可归因于自我动作"	"2"	"2"	"0"	"自我动作实现.外设模块.ixx:861[定义];自我动作实现模块.ixx:341[定义]"
"特征_服务结果可验证"	"2"	"2"	"0"	"自我动作实现.外设模块.ixx:854[定义];自我动作实现模块.ixx:334[定义]"
"特征_服务结算增量"	"2"	"2"	"0"	"自我动作实现.外设模块.ixx:819[定义];自我动作实现模块.ixx:299[定义]"
"特征_服务结算证据通过"	"2"	"2"	"0"	"自我动作实现.外设模块.ixx:868[定义];自我动作实现模块.ixx:348[定义]"
"特征_本轮推进量"	"2"	"2"	"0"	"自我动作实现.外设模块.ixx:973[定义];自我动作实现模块.ixx:459[定义]"
"特征_本轮是否有推进"	"2"	"2"	"0"	"自我动作实现.外设模块.ixx:966[定义];自我动作实现模块.ixx:452[定义]"
"特征_权限边界明确状态"	"2"	"2"	"0"	"自我动作实现.外设模块.ixx:5967[定义];自我动作实现模块.ixx:2240[定义]"
"特征_条件描述时间"	"2"	"2"	"0"	"自我动作实现.外设模块.ixx:665[定义];自我动作实现模块.ixx:68[定义]"
"特征_条件描述状态"	"2"	"2"	"0"	"自我动作实现.外设模块.ixx:658[定义];自我动作实现模块.ixx:61[定义]"
"特征_条件特征"	"2"	"2"	"0"	"自我动作实现.外设模块.ixx:700[定义];自我动作实现模块.ixx:103[定义]"
"特征_条件特征类型数量"	"2"	"2"	"0"	"自我动作实现.外设模块.ixx:672[定义];自我动作实现模块.ixx:75[定义]"
"特征_条件结果对"	"2"	"2"	"0"	"自我动作实现.外设模块.ixx:5652[定义];自我动作实现模块.ixx:1904[定义]"
"特征_来源因果信息"	"2"	"2"	"0"	"自我动作实现.外设模块.ixx:5735[定义];自我动作实现模块.ixx:1987[定义]"
"特征_来源缺口"	"2"	"2"	"0"	"自我动作实现.外设模块.ixx:5624[定义];自我动作实现模块.ixx:1876[定义]"
"特征_来源观察动态"	"2"	"2"	"0"	"自我动作实现.外设模块.ixx:5742[定义];自我动作实现模块.ixx:1994[定义]"
"特征_来源需求条件包"	"2"	"2"	"0"	"自我动作实现.外设模块.ixx:1907[定义];自我动作实现模块.ixx:1400[定义]"
"特征_查找限制包"	"2"	"2"	"0"	"自我动作实现.外设模块.ixx:1690[定义];自我动作实现模块.ixx:1183[定义]"
"特征_样本次数"	"2"	"2"	"0"	"自我动作实现.外设模块.ixx:1162[定义];自我动作实现模块.ixx:648[定义]"
"特征_沟通交流需求明确状态"	"2"	"2"	"0"	"自我动作实现.外设模块.ixx:5925[定义];自我动作实现模块.ixx:2198[定义]"
"特征_派生需求"	"2"	"2"	"0"	"自我动作实现.外设模块.ixx:5596[定义];自我动作实现模块.ixx:1848[定义]"
"特征_派生需求当前状态"	"2"	"2"	"0"	"自我动作实现.外设模块.ixx:5603[定义];自我动作实现模块.ixx:1855[定义]"
"特征_派生需求提示"	"2"	"2"	"0"	"自我动作实现.外设模块.ixx:1015[定义];自我动作实现模块.ixx:501[定义]"
"特征_派生需求目标状态"	"2"	"2"	"0"	"自我动作实现.外设模块.ixx:5610[定义];自我动作实现模块.ixx:1862[定义]"
"特征_深度帧号"	"2"	"2"	"0"	"自我动作实现.外设模块.ixx:2383[定义];自我动作实现模块.ixx:1722[定义]"
"特征_溢出策略"	"2"	"2"	"0"	"自我动作实现.外设模块.ixx:5547[定义];自我动作实现模块.ixx:1799[定义]"
"特征_满足证据"	"2"	"2"	"0"	"自我动作实现.外设模块.ixx:5890[定义];自我动作实现模块.ixx:2163[定义]"
"特征_特征值"	"2"	"2"	"0"	"自我动作实现.外设模块.ixx:1725[定义];自我动作实现模块.ixx:1218[定义]"
"特征_特征值范围"	"2"	"2"	"0"	"自我动作实现.外设模块.ixx:1732[定义];自我动作实现模块.ixx:1225[定义]"
"特征_特征类型"	"2"	"2"	"0"	"自我动作实现.外设模块.ixx:1718[定义];自我动作实现模块.ixx:1211[定义]"
"特征_特征类型配对结果"	"2"	"2"	"0"	"自我动作实现.外设模块.ixx:5533[定义];自我动作实现模块.ixx:1785[定义]"
"特征_现实场景包"	"2"	"2"	"0"	"自我动作实现.外设模块.ixx:1064[定义];自我动作实现模块.ixx:550[定义]"
"特征_目标值类型"	"2"	"2"	"0"	"自我动作实现.外设模块.ixx:5498[定义];自我动作实现模块.ixx:1750[定义]"
"特征_目标外设"	"2"	"2"	"0"	"自我动作实现.外设模块.ixx:2159[定义];自我动作实现模块.ixx:1652[定义]"
"特征_目标实例特征"	"2"	"2"	"0"	"自我动作实现.外设模块.ixx:5561[定义];自我动作实现模块.ixx:1813[定义]"
"特征_目标是否达成"	"2"	"2"	"0"	"自我动作实现.外设模块.ixx:959[定义];自我动作实现模块.ixx:445[定义]"
"特征_目标特征"	"2"	"2"	"0"	"自我动作实现.外设模块.ixx:1092[定义];自我动作实现模块.ixx:578[定义]"
"特征_目标现实场景"	"2"	"2"	"0"	"自我动作实现.外设模块.ixx:1078[定义];自我动作实现模块.ixx:564[定义]"
"特征_相机帧宽度"	"2"	"2"	"0"	"自我动作实现.外设模块.ixx:2369[定义];自我动作实现模块.ixx:1708[定义]"
"特征_相机帧高度"	"2"	"2"	"0"	"自我动作实现.外设模块.ixx:2376[定义];自我动作实现模块.ixx:1715[定义]"
"特征_等待原因"	"2"	"2"	"0"	"自我动作实现.外设模块.ixx:1008[定义];自我动作实现模块.ixx:494[定义]"
"特征_筹办缺口类型"	"2"	"2"	"0"	"自我动作实现.外设模块.ixx:994[定义];自我动作实现模块.ixx:480[定义]"
"特征_类型抽象距离"	"2"	"2"	"0"	"自我动作实现.外设模块.ixx:1977[定义];自我动作实现模块.ixx:1470[定义]"
"特征_累计安全结算"	"2"	"2"	"0"	"自我动作实现.外设模块.ixx:791[定义];自我动作实现模块.ixx:271[定义]"
"特征_累计服务结算"	"2"	"2"	"0"	"自我动作实现.外设模块.ixx:798[定义];自我动作实现模块.ixx:278[定义]"
"特征_累计运行时长"	"2"	"2"	"0"	"自我动作实现.外设模块.ixx:1225[定义];自我动作实现模块.ixx:718[定义]"
"特征_练习方向"	"2"	"2"	"0"	"自我动作实现.外设模块.ixx:5673[定义];自我动作实现模块.ixx:1925[定义]"
"特征_练习模式"	"2"	"2"	"0"	"自我动作实现.外设模块.ixx:5666[定义];自我动作实现模块.ixx:1918[定义]"
"特征_绑定参数数量"	"2"	"2"	"0"	"自我动作实现.外设模块.ixx:1879[定义];自我动作实现模块.ixx:1372[定义]"
"特征_结束时间"	"2"	"2"	"0"	"自我动作实现.外设模块.ixx:1608[定义];自我动作实现模块.ixx:1101[定义]"
"特征_结果不符合次数"	"2"	"2"	"0"	"自我动作实现.外设模块.ixx:1183[定义];自我动作实现模块.ixx:669[定义]"
"特征_结果符合次数"	"2"	"2"	"0"	"自我动作实现.外设模块.ixx:1176[定义];自我动作实现模块.ixx:662[定义]"
"特征_缓存方法虚拟存在"	"2"	"2"	"0"	"自我动作实现.外设模块.ixx:1942[定义];自我动作实现模块.ixx:1435[定义]"
"特征_缓存方法首节点"	"2"	"2"	"0"	"自我动作实现.外设模块.ixx:1935[定义];自我动作实现模块.ixx:1428[定义]"
"特征_缺失参数数量"	"2"	"2"	"0"	"自我动作实现.外设模块.ixx:1886[定义];自我动作实现模块.ixx:1379[定义]"
"特征_自我运行状态明确状态"	"2"	"2"	"0"	"自我动作实现.外设模块.ixx:5939[定义];自我动作实现模块.ixx:2212[定义]"
"特征_自我运行状态正常状态"	"2"	"2"	"0"	"自我动作实现.外设模块.ixx:5946[定义];自我动作实现模块.ixx:2219[定义]"
"特征_被需求当前状态"	"2"	"2"	"0"	"自我动作实现.外设模块.ixx:777[定义];自我动作实现模块.ixx:257[定义]"
"特征_试运行次数"	"2"	"2"	"0"	"自我动作实现.外设模块.ixx:5645[定义];自我动作实现模块.ixx:1897[定义]"
"特征_试运行限制包"	"2"	"2"	"0"	"自我动作实现.外设模块.ixx:5659[定义];自我动作实现模块.ixx:1911[定义]"
"特征_读取特征类型"	"2"	"2"	"0"	"自我动作实现.外设模块.ixx:1134[定义];自我动作实现模块.ixx:620[定义]"
"特征_资源压力降低状态"	"2"	"2"	"0"	"自我动作实现.外设模块.ixx:7121[定义];自我动作实现模块.ixx:2275[定义]"
"特征_资源状态明确状态"	"2"	"2"	"0"	"自我动作实现.外设模块.ixx:5953[定义];自我动作实现模块.ixx:2226[定义]"
"特征_资源状态足够状态"	"2"	"2"	"0"	"自我动作实现.外设模块.ixx:5960[定义];自我动作实现模块.ixx:2233[定义]"
"特征_轮廓数量"	"2"	"2"	"0"	"自我动作实现.外设模块.ixx:2397[定义];自我动作实现模块.ixx:1736[定义]"
"特征_运行时长"	"2"	"2"	"0"	"自我动作实现.外设模块.ixx:1148[定义];自我动作实现模块.ixx:634[定义]"
"特征_运行次数"	"2"	"2"	"0"	"自我动作实现.外设模块.ixx:1155[定义];自我动作实现模块.ixx:641[定义]"
"特征_运行状态"	"2"	"2"	"0"	"自我动作实现.外设模块.ixx:2173[定义];自我动作实现模块.ixx:1666[定义]"
"特征_返回参数信息"	"2"	"2"	"0"	"自我动作实现.外设模块.ixx:1580[定义];自我动作实现模块.ixx:1073[定义]"
"特征_返回场景信息"	"2"	"2"	"0"	"自我动作实现.外设模块.ixx:1587[定义];自我动作实现模块.ixx:1080[定义]"
"特征_选中方法虚拟存在"	"2"	"2"	"0"	"自我动作实现.外设模块.ixx:1949[定义];自我动作实现模块.ixx:1442[定义]"
"特征_选中方法首节点"	"2"	"2"	"0"	"自我动作实现.外设模块.ixx:1921[定义];自我动作实现模块.ixx:1414[定义]"
"特征_配对状态"	"2"	"2"	"0"	"自我动作实现.外设模块.ixx:1900[定义];自我动作实现模块.ixx:1393[定义]"
"特征_降级保护状态"	"2"	"2"	"0"	"自我动作实现.外设模块.ixx:7114[定义];自我动作实现模块.ixx:2268[定义]"
"特征_限制包"	"2"	"2"	"0"	"自我动作实现.外设模块.ixx:5554[定义];自我动作实现模块.ixx:1806[定义]"
"特征_需求有效截止"	"2"	"2"	"0"	"自我动作实现.外设模块.ixx:784[定义];自我动作实现模块.ixx:264[定义]"
"特征_需求条件包"	"2"	"2"	"0"	"自我动作实现.外设模块.ixx:1683[定义];自我动作实现模块.ixx:1176[定义]"
"特征_需求满足情况"	"2"	"2"	"0"	"自我动作实现.外设模块.ixx:5883[定义];自我动作实现模块.ixx:2156[定义]"
"特征_需求状态动作动态"	"2"	"2"	"0"	"自我动作实现.外设模块.ixx:910[定义];自我动作实现模块.ixx:390[定义]"
"特征_非必要任务暂停状态"	"2"	"2"	"0"	"自我动作实现.外设模块.ixx:7135[定义];自我动作实现模块.ixx:2289[定义]"
"特征_预测状态"	"2"	"2"	"0"	"自我动作实现.外设模块.ixx:5784[定义];自我动作实现模块.ixx:2036[定义]"
"特征_风险传播阻断状态"	"2"	"2"	"0"	"自我动作实现.外设模块.ixx:7128[定义];自我动作实现模块.ixx:2282[定义]"
"特征_风险状态可控状态"	"2"	"2"	"0"	"自我动作实现.外设模块.ixx:5981[定义];自我动作实现模块.ixx:2254[定义]"
"特征_风险状态明确状态"	"2"	"2"	"0"	"自我动作实现.外设模块.ixx:5974[定义];自我动作实现模块.ixx:2247[定义]"
"特征值主信息类"	"2"	"1"	"1"	"特征值主信息类.h:19[声明];特征值主信息类.h:22[定义]"
"特征类::写入三维体素二分层链"	"2"	"2"	"0"	"特征类.cpp:3301[定义];特征类.cpp:3326[定义]"
"特征类::取抽象特征主信息"	"2"	"2"	"0"	"特征类.cpp:545[定义];特征类.cpp:551[定义]"
"特征类::取特征主信息"	"2"	"2"	"0"	"特征类.cpp:533[定义];特征类.cpp:539[定义]"
"状态类::取状态主信息"	"2"	"2"	"0"	"状态类.cpp:170[定义];状态类.cpp:176[定义]"
"生成需求方向签名"	"2"	"0"	"2"	"需求类.h:362[声明];需求类.h:365[声明]"
"确保方法结果能力方向"	"2"	"2"	"0"	"自我动作实现.外设模块.ixx:8655[定义];自我动作实现模块.ixx:3196[定义]"
"确保本能方法"	"2"	"2"	"0"	"自我动作实现.外设模块.ixx:9281[定义];自我动作实现模块.ixx:4190[定义]"
"确认自我扫描当前场景规格"	"2"	"2"	"0"	"自我动作实现.扫描.ixx:1821[定义];自我动作实现模块.ixx:8636[定义]"
"私有_HRESULT文本"	"2"	"2"	"0"	"控制面板WebView2.cpp:97[定义];数据库ADO模块.cpp:92[定义]"
"私有_SQL布尔"	"2"	"2"	"0"	"语素类.cpp:339[定义];需求类.cpp:83[定义]"
"私有_UTF8转宽字串"	"2"	"2"	"0"	"控制面板WebView2.cpp:145[定义];数据库ADO模块.cpp:25[定义]"
"私有_主信息类型文本"	"2"	"2"	"0"	"控制面板类.cpp:1242[定义];语素类.cpp:151[定义]"
"私有_二次特征种类文本"	"2"	"2"	"0"	"语言类_二次特征表达.cpp:49[定义];语言类_基础信息命名.cpp:90[定义]"
"私有_从任务引用解析任务节点"	"2"	"2"	"0"	"自我线程模块.impl.cpp:3263[定义];自我线程模块.impl.cpp:3279[定义]"
"私有_从需求引用解析需求节点"	"2"	"2"	"0"	"自我线程模块.impl.cpp:3311[定义];自我线程模块.impl.cpp:3332[定义]"
"私有_任务状态文本"	"2"	"2"	"0"	"控制面板类.cpp:644[定义];任务模块.管理界面线程.impl.cpp:667[定义]"
"私有_任务管理总控结果文本"	"2"	"2"	"0"	"控制面板类.cpp:1227[定义];鱼巢.cpp:537[定义]"
"私有_信息入口类型文本"	"2"	"2"	"0"	"控制面板类.cpp:1275[定义];语素类.cpp:172[定义]"
"私有_写入方法类型特征"	"2"	"2"	"0"	"方法类.cpp:880[定义];本能方法类.cpp:217[定义]"
"私有_写入状态节点引用"	"2"	"2"	"0"	"任务模块.管理工作线程.ixx:243[定义];自我线程模块.impl.cpp:2448[定义]"
"私有_写入需求节点引用"	"2"	"2"	"0"	"任务模块.管理工作线程.ixx:216[定义];自我线程模块.impl.cpp:2441[定义]"
"私有_动作句柄相等"	"2"	"2"	"0"	"方法主信息类.h:510[定义];方法类.cpp:27[定义]"
"私有_包含片段"	"2"	"2"	"0"	"动态类.cpp:36[定义];鱼巢.cpp:687[定义]"
"私有_取所属场景"	"2"	"2"	"0"	"二次特征应用模块.ixx:815[定义];需求类.cpp:458[定义]"
"私有_取方法节点"	"2"	"2"	"0"	"任务类.cpp:59[定义];任务类.cpp:188[定义]"
"私有_取状态排序时间"	"2"	"1"	"1"	"场景类.cpp:54[定义];状态类.h:183[声明]"
"私有_同步方法状态特征"	"2"	"2"	"0"	"方法类.cpp:838[定义];方法虚拟存在服务类.cpp:438[定义]"
"私有_基础节点短名"	"2"	"2"	"0"	"语言类_二次特征表达.cpp:332[定义];语言类_基础信息命名.cpp:71[定义]"
"私有_安全文本"	"2"	"2"	"0"	"语言类_二次特征表达.cpp:28[定义];语言类_基础信息命名.cpp:26[定义]"
"私有_宽字串转UTF8"	"2"	"2"	"0"	"控制面板WebView2.cpp:262[定义];数据库ADO模块.cpp:52[定义]"
"私有_归一到方法首节点"	"2"	"2"	"0"	"方法类.cpp:141[定义];方法虚拟存在服务类.cpp:14[定义]"
"私有_执行前门控结果文本"	"2"	"2"	"0"	"自我线程模块.impl.cpp:12921[定义];鱼巢.cpp:525[定义]"
"私有_按特征语义推断结算贡献层级"	"2"	"2"	"0"	"因果类.cpp:843[定义];因果类.cpp:865[定义]"
"私有_推导方法类型"	"2"	"2"	"0"	"方法类.cpp:715[定义];方法虚拟存在服务类.cpp:88[定义]"
"私有_方法匹配自我能力值_执行桥_最小_v0"	"2"	"2"	"0"	"任务模块.执行.ixx:207[定义];任务模块.执行.ixx:228[定义]"
"私有_方法条件结果对数量"	"2"	"2"	"0"	"方法类.cpp:779[定义];方法虚拟存在服务类.cpp:161[定义]"
"私有_方法标题"	"2"	"2"	"0"	"控制面板类.cpp:4309[定义];自检线程模块.impl.cpp:1158[定义]"
"私有_方法状态_可用值"	"2"	"2"	"0"	"方法类.cpp:738[定义];方法虚拟存在服务类.cpp:123[定义]"
"私有_方法状态_待可执行入口值"	"2"	"2"	"0"	"方法类.cpp:747[定义];方法虚拟存在服务类.cpp:129[定义]"
"私有_方法状态_待方法动作值"	"2"	"2"	"0"	"方法类.cpp:744[定义];方法虚拟存在服务类.cpp:126[定义]"
"私有_方法状态_待条件结果对值"	"2"	"2"	"0"	"方法类.cpp:756[定义];方法虚拟存在服务类.cpp:138[定义]"
"私有_方法状态_待条件节点值"	"2"	"2"	"0"	"方法类.cpp:750[定义];方法虚拟存在服务类.cpp:132[定义]"
"私有_方法状态_待结果节点值"	"2"	"2"	"0"	"方法类.cpp:753[定义];方法虚拟存在服务类.cpp:135[定义]"
"私有_方法直接子节点数量"	"2"	"2"	"0"	"方法类.cpp:759[定义];方法虚拟存在服务类.cpp:141[定义]"
"私有_方法自我能力值"	"2"	"2"	"0"	"任务模块.管理工作线程.ixx:987[定义];任务模块.管理界面线程.impl.cpp:5009[定义]"
"私有_方法节点名称"	"2"	"2"	"0"	"语言类_二次特征表达.cpp:76[定义];语言类_基础信息命名.cpp:81[定义]"
"私有_方法虚拟存在名称词"	"2"	"2"	"0"	"方法类.cpp:263[定义];本能方法类.cpp:176[定义]"
"私有_方法虚拟存在类型词"	"2"	"2"	"0"	"方法类.cpp:254[定义];本能方法类.cpp:186[定义]"
"私有_查找本能方法首节点"	"2"	"2"	"0"	"本能方法类.cpp:279[定义];自我类.cpp:417[定义]"
"私有_根层重判结果文本"	"2"	"2"	"0"	"自我线程模块.impl.cpp:12909[定义];鱼巢.cpp:513[定义]"
"私有_比较入口引用"	"2"	"2"	"0"	"语素主信息类.h:526[定义];语素主信息类.h:568[定义]"
"私有_深拷贝主信息"	"2"	"1"	"1"	"双向链表模板_深拷贝.inl:37[定义];双向链表模板核心.h:673[声明]"
"私有_深拷贝树_独立_递归"	"2"	"1"	"1"	"双向链表模板_深拷贝.inl:53[定义];双向链表模板核心.h:674[声明]"
"私有_特征_目标方法头节点"	"2"	"2"	"0"	"任务模块.管理工作线程.ixx:273[定义];任务模块.管理界面线程.impl.cpp:1144[定义]"
"私有_特征值文本"	"2"	"2"	"0"	"控制面板类.cpp:615[定义];语言类_基础信息命名.cpp:56[定义]"
"私有_状态特征类型"	"2"	"2"	"0"	"任务模块.管理工作线程.ixx:2056[定义];方法类.cpp:539[定义]"
"私有_独立树添加方法子节点"	"2"	"2"	"0"	"方法类.cpp:236[定义];本能方法类.cpp:138[定义]"
"私有_确保I64特征已初始化"	"2"	"2"	"0"	"任务类.cpp:518[定义];方法虚拟存在服务类.cpp:233[定义]"
"私有_等号字段显示文本"	"2"	"2"	"0"	"控制面板类.cpp:2546[定义];控制面板类.cpp:2555[定义]"
"私有_绝对值饱和"	"2"	"2"	"0"	"世界树类.cpp:184[定义];特征类.cpp:141[定义]"
"私有_节点主键_控制面板"	"2"	"2"	"0"	"控制面板类.cpp:895[定义];控制面板类.cpp:905[定义]"
"私有_节点在范围内"	"2"	"1"	"1"	"基础信息类.h:84[声明];存在类.cpp:75[定义]"
"私有_解析U64"	"2"	"2"	"0"	"控制面板WebView2.cpp:282[定义];线程生命周期消息模块.ixx:218[定义]"
"私有_解析动态引用"	"2"	"2"	"0"	"二次特征应用模块.ixx:1037[定义];动态类.cpp:322[定义]"
"私有_计算距离_mm"	"2"	"2"	"0"	"二次特征应用模块.ixx:2135[定义];存在类.cpp:14[定义]"
"私有_语素入口相同"	"2"	"2"	"0"	"任务类.cpp:65[定义];自我类.cpp:44[定义]"
"私有_读取状态时间"	"2"	"2"	"0"	"二次特征应用模块.ixx:808[定义];需求类.cpp:360[定义]"
"私有_追加JSON字符串"	"2"	"2"	"0"	"控制面板WebView2.cpp:526[定义];控制面板类.cpp:8238[定义]"
"私有_重建缓存_已加锁"	"2"	"1"	"1"	"特征值类.h:29[声明];特征值类.h:209[定义]"
"私有_需求结构角色文本"	"2"	"2"	"0"	"控制面板类.cpp:4627[定义];需求类.cpp:88[定义]"
"私有_饱和加"	"2"	"2"	"0"	"特征类.cpp:126[定义];自我类.cpp:29[定义]"
"私有_默认成熟度阶段"	"2"	"2"	"0"	"方法类.cpp:729[定义];方法虚拟存在服务类.cpp:102[定义]"
"筹办_构造需求生命周期上下文"	"2"	"2"	"0"	"任务模块.筹办.ixx:1038[定义];任务模块.筹办.ixx:1089[定义]"
"类型_参数配对结果存在"	"2"	"2"	"0"	"自我动作实现.外设模块.ixx:1858[定义];自我动作实现模块.ixx:1351[定义]"
"类型_方法配对结果存在"	"2"	"2"	"0"	"自我动作实现.外设模块.ixx:1893[定义];自我动作实现模块.ixx:1386[定义]"
"类型_运行虚拟存在"	"2"	"2"	"0"	"自我动作实现.外设模块.ixx:1559[定义];自我动作实现模块.ixx:1052[定义]"
"类型_需求_修复实例特征写入能力"	"2"	"2"	"0"	"自我动作实现.外设模块.ixx:7429[定义];自我动作实现模块.ixx:2590[定义]"
"类型_需求_实例化特征"	"2"	"2"	"0"	"自我动作实现.外设模块.ixx:7401[定义];自我动作实现模块.ixx:2562[定义]"
"类型_需求_确定执行差值或目标值"	"2"	"2"	"0"	"自我动作实现.外设模块.ixx:7415[定义];自我动作实现模块.ixx:2576[定义]"
"类型_需求_确定特征当前值"	"2"	"2"	"0"	"自我动作实现.外设模块.ixx:7408[定义];自我动作实现模块.ixx:2569[定义]"
"类型_需求_重新配对参数或调整目标值"	"2"	"2"	"0"	"自我动作实现.外设模块.ixx:7422[定义];自我动作实现模块.ixx:2583[定义]"
"索引"	"2"	"2"	"0"	"D455相机类.cpp:264[定义];基础数据类型.h:1272[定义]"
"结构体_分词"	"2"	"1"	"1"	"基础数据类型.h:533[声明];基础数据类型.h:536[定义]"
"绝对差I64"	"2"	"2"	"0"	"自我动作实现.外设模块.ixx:10538[定义];自我动作实现.扫描.ixx:844[定义]"
"继承缺失引用_已加锁"	"2"	"0"	"2"	"需求类.h:790[声明];需求类.h:791[声明]"
"自我扫描当前场景"	"2"	"2"	"0"	"自我动作实现.扫描.ixx:1852[定义];自我动作实现模块.ixx:12464[定义]"
"自我类::根任务权重"	"2"	"2"	"0"	"自我类.cpp:1849[定义];自我类.cpp:1855[定义]"
"自我线程类::处理任务满足反馈"	"2"	"2"	"0"	"自我线程模块.impl.cpp:15758[定义];自我线程模块.impl.cpp:15790[定义]"
"自我线程类::配置"	"2"	"2"	"0"	"自我线程模块.impl.cpp:15955[定义];自我线程模块.impl.cpp:15961[定义]"
"获取主键"	"2"	"2"	"0"	"双向链表模板核心.h:54[定义];双向链表模板核心.h:250[定义]"
"获取名称"	"2"	"0"	"2"	"世界树类.h:86[声明];基础信息类.h:30[声明]"
"获取基础信息集"	"2"	"1"	"1"	"基础信息类.cpp:387[定义];基础信息类.h:89[声明]"
"获取子存在"	"2"	"0"	"2"	"场景类.h:29[声明];存在类.h:60[声明]"
"获取或创建_已加锁"	"2"	"2"	"0"	"特征值类.h:137[定义];特征值类.h:160[定义]"
"解析方法执行条件节点"	"2"	"2"	"0"	"自我动作实现.外设模块.ixx:9495[定义];自我动作实现模块.ixx:4389[定义]"
"计算子需求平分权重"	"2"	"2"	"0"	"需求类.h:448[定义];需求类.h:462[定义]"
"记录本能方法自身环境错误"	"2"	"2"	"0"	"自我动作实现.外设模块.ixx:9550[定义];自我动作实现模块.ixx:4474[定义]"
"设为复合特征"	"2"	"1"	"1"	"基础信息主信息类.h:340[声明];基础信息主信息类.h:381[定义]"
"词_被动动作"	"2"	"2"	"0"	"自我动作实现.外设模块.ixx:650[定义];自我动作实现模块.ixx:53[定义]"
"语素类::添加信息入口词"	"2"	"2"	"0"	"语素类.cpp:842[定义];语素类.cpp:872[定义]"
"语素类::确保语素入口对应基础信息"	"2"	"2"	"0"	"语素类.cpp:880[定义];语素类.cpp:923[定义]"
"语言记录主信息类"	"2"	"2"	"0"	"基础信息主信息类.h:168[定义];基础信息主信息类.h:173[定义]"
"读取任务执行方法"	"2"	"0"	"2"	"任务类.h:137[声明];任务类.h:138[声明]"
"读取任务管理对象任务"	"2"	"0"	"2"	"任务类.h:128[声明];任务类.h:129[声明]"
"读取包指针"	"2"	"2"	"0"	"自我动作实现.服务模块.ixx:1322[定义];自我动作实现模块.ixx:4851[定义]"
"读取场景I64特征"	"2"	"2"	"0"	"自我动作实现.外设模块.ixx:8076[定义];自我动作实现模块.ixx:2772[定义]"
"读取基础节点特征值"	"2"	"2"	"0"	"自我动作实现.外设模块.ixx:7989[定义];自我动作实现模块.ixx:2717[定义]"
"读取提交入口上游动作动态"	"2"	"2"	"0"	"自我动作实现.外设模块.ixx:23797[定义];自我动作实现.外设模块.ixx:23817[定义]"
"读取数据_已加锁"	"2"	"1"	"1"	"双向链表模板_序列化.inl:152[定义];双向链表模板核心.h:687[声明]"
"读取特征VecI64"	"2"	"0"	"2"	"世界树类.h:234[声明];世界树类.h:235[声明]"
"读取特征_I64"	"2"	"0"	"2"	"世界树类.h:229[声明];世界树类.h:230[声明]"
"读取特征_指针"	"2"	"0"	"2"	"世界树类.h:231[声明];世界树类.h:232[声明]"
"读取特征快照"	"2"	"0"	"2"	"世界树类.h:227[声明];世界树类.h:228[声明]"
"读取目标方法头节点"	"2"	"2"	"0"	"自我动作实现模块.ixx:6527[定义];自我动作实现模块.ixx:6541[定义]"
"输出本能方法自身环境失败"	"2"	"2"	"0"	"自我动作实现.外设模块.ixx:9790[定义];自我动作实现模块.ixx:4691[定义]"
"输出运行虚拟存在"	"2"	"2"	"0"	"自我动作实现.外设模块.ixx:9373[定义];自我动作实现模块.ixx:4267[定义]"
"运行参数已从输入场景匹配"	"2"	"2"	"0"	"自我动作实现.外设模块.ixx:9060[定义];自我动作实现模块.ixx:4135[定义]"
"运行参数根"	"2"	"2"	"0"	"自我动作实现.外设模块.ixx:8556[定义];自我动作实现模块.ixx:3097[定义]"
"释放"	"2"	"1"	"1"	"双目相机本能适配器.cpp:1331[定义];双目相机本能适配器.h:204[声明]"
"释放树_独立"	"2"	"1"	"1"	"双向链表模板_深拷贝.inl:28[定义];双向链表模板核心.h:670[声明]"
"重写需求树SQL投影"	"2"	"0"	"2"	"需求类.h:513[声明];需求类.h:619[声明]"
"需求目标语义视图"	"2"	"0"	"2"	"需求类.h:341[声明];需求类.h:359[声明]"
"需求目标重叠_已加锁"	"2"	"2"	"0"	"需求类.h:860[定义];需求类.h:890[定义]"
"需求类::普通候选方法筹办禁止原因"	"2"	"2"	"0"	"需求类.cpp:1429[定义];需求类.cpp:1450[定义]"
"需求类::生成需求方向签名"	"2"	"2"	"0"	"需求类.cpp:1281[定义];需求类.cpp:1322[定义]"
"需求类::需求目标语义视图"	"2"	"2"	"0"	"需求类.cpp:1149[定义];需求类.cpp:1274[定义]"
"项目弹窗错误提示"	"2"	"1"	"1"	"日志接入.h:14[声明];日志模块.ixx:601[定义]"
"项目提示不允许空指"	"2"	"1"	"1"	"日志接入.h:15[声明];日志模块.ixx:626[定义]"
"项目自检无上级需求日志"	"2"	"1"	"1"	"日志接入.h:21[声明];日志模块.ixx:660[定义]"
"项目致命日志"	"2"	"1"	"1"	"日志接入.h:24[声明];日志模块.ixx:699[定义]"
"项目记录异常日志"	"2"	"1"	"1"	"日志接入.h:23[声明];日志模块.ixx:689[定义]"
"项目运行日志"	"2"	"1"	"1"	"日志接入.h:11[声明];日志模块.ixx:571[定义]"
"项目运行警告日志"	"2"	"1"	"1"	"日志接入.h:12[声明];日志模块.ixx:581[定义]"
"项目运行错误日志"	"2"	"1"	"1"	"日志接入.h:13[声明];日志模块.ixx:591[定义]"
"饱和增加"	"2"	"2"	"0"	"自我动作实现.外设模块.ixx:8988[定义];自我动作实现模块.ixx:4064[定义]"
"首节点信息"	"2"	"2"	"0"	"方法主信息类.h:392[定义];方法主信息类.h:399[定义]"
