结构体名	引用函数	所在文件	行号	读写类型	是否进入项目结构	是否符合规范	处理建议
结构_任务管理消息头	构造任务管理执行尝试键	任务模块.工作线程消息协议.ixx	641	读取消息头文本主键生成执行尝试显示/归并键	部分进入：自我线程侧通过任务管理消息头执行尝试主键值转为数值键	部分符合：不是内部计数视图，但源协议字段仍是文本主键	保留为后续协议结构化修改候选，本切片不删除
结构_任务管理消息头	任务管理消息头执行尝试主键值	自我线程模块.消息协议.ixx	935	读取任务管理执行尝试键并解析或散列为数值键	是：进入执行尝试汇总数值基准字段	部分符合：转换后不再复制文本标识，但源消息头仍需后续专项改造	保留，后续做消息头源字段结构化改造
结构_任务管理消息头	是否同一次执行尝试	自我线程模块.消息协议.ixx	949	直接比较两个消息头的数值投影字段	是：比较的是数值主键、路径签名和执行尝试号	符合本切片目标：不再依赖结构_执行尝试标识文本视图	保留函数，继续替代内部标识结构
结构_执行尝试标识	对账线程状态消息与结果消息	自我线程模块.消息协议.ixx	1041	原先构造两个标识结构后比较；现已改为直接比较消息头数值投影	是：结果写回结构_执行尝试对账结果的枚举状态和值槽	符合：内部复制视图已删除	删除结构体，保留对账函数
结构_执行尝试标识	合并线程状态消息到执行尝试汇总	自我线程模块.消息协议.ixx	1174	原先把标识复制到汇总；现改为建立执行尝试汇总数值基准	是：汇总保存数值基准、汇总状态枚举和语义槽	符合：不再复制文本主键视图	删除结构体，保留汇总函数
结构_执行尝试标识	合并结果消息到执行尝试汇总	自我线程模块.消息协议.ixx	1225	原先把标识复制到汇总；现改为建立执行尝试汇总数值基准	是：汇总保存数值基准、汇总状态枚举和语义槽	符合：不再复制文本主键视图	删除结构体，保留汇总函数
结构_任务管理未满足项	源码引用检查	全源码	0	结构体、成员和构造路径已删除	否：原结构未进入项目结构	不符合：只剩集合 size 对账视图	已删除
结构_任务管理状态变化项	源码引用检查	全源码	0	结构体、结果消息 vector、归并和落账路径已删除	是：服务证据改读正式结算证据的 before/actual 状态与动作动态	符合当前用户口径：证据由状态和动态承担	已删除
结构_任务管理关键中间状态变化项	源码引用检查	全源码	0	结构体、结果消息 vector、归并和落账路径已删除	是：恢复判断改由任务管理结果状态结构化字段推导	符合当前用户口径：证据由状态和动态承担	已删除
