# 名称	层级	主果宿主	主果特征	因宿主	因特征集
初始因果.安全风险树.风险安全层明确依赖场景影响入账	2	target	风险安全层明确状态	target	风险安全_场景影响部分已入账状态
初始因果.安全风险树.场景影响依赖当前场景可观测单位取得	3	target	风险安全_场景影响部分已入账状态	scene	获取当前场景所有可被观测单位
初始因果.当前场景可观测单位取得路径.D455观察确认路径完成状态	4	scene	获取当前场景所有可被观测单位	scene	D455观察确认路径完成状态
初始因果.当前场景可观测单位取得路径.已有场景缓存路径完成状态	4	scene	获取当前场景所有可被观测单位	scene	已有场景缓存路径完成状态
初始因果.当前场景可观测单位取得路径.交互者说明路径完成状态	4	scene	获取当前场景所有可被观测单位	scene	交互者说明路径完成状态
初始因果.旧名当前场景特征值明确路径.D455观察确认路径完成状态	4	scene	当前场景特征值明确状态	scene	D455观察确认路径完成状态
初始因果.旧名当前场景特征值明确路径.已有场景缓存路径完成状态	4	scene	当前场景特征值明确状态	scene	已有场景缓存路径完成状态
初始因果.旧名当前场景特征值明确路径.交互者说明路径完成状态	4	scene	当前场景特征值明确状态	scene	交互者说明路径完成状态
初始因果.D455观察确认路径.材料与对应事实闭合	5	scene	D455观察确认路径完成状态	scene	当前观察材料集取得状态;外设观察材料可回查状态;当前观察范围有效可观测单位计数事实取得状态;当前观察范围可观测单位存在稳定对应事实取得状态;稳定对应存在数量明确状态;当前观察范围可观测单位存在对应闭合状态
